customer_id,recency,frequency,monetary,r,f,m,score,segment
C00001,138,1,2981.25,1,1,1,3,At Risk
C00002,17,4,17553.1,4,2,3,9,Loyal
C00003,61,4,10359.45,3,2,2,7,Regular
C00004,71,4,22899.16,2,2,3,7,Regular
C00005,27,6,31604.1,4,4,4,12,Champions
C00006,63,2,8440.54,3,1,1,5,At Risk
C00007,223,2,8023.09,1,1,1,3,At Risk
C00008,290,1,7587.3,1,1,1,3,At Risk
C00009,284,1,5076.73,1,1,1,3,At Risk
C00010,20,7,34266.659999999996,4,4,4,12,Champions
C00011,137,2,8043.93,1,1,1,3,At Risk
C00012,56,2,3892.3199999999997,3,1,1,5,At Risk
C00013,21,5,8186.6,4,3,1,8,Regular
C00014,26,7,25233.94,4,4,4,12,Champions
C00015,22,8,31533.27,4,4,4,12,Champions
C00016,98,3,22175.879999999997,2,2,3,7,Regular
C00017,112,5,30421.86,2,3,4,9,Loyal
C00018,60,3,18101.93,3,2,3,8,Regular
C00019,69,5,19993.7,3,3,3,9,Loyal
C00020,14,4,19107.67,4,2,3,9,Loyal
C00021,143,2,6716.46,1,1,1,3,At Risk
C00022,1,4,23132.67,4,2,3,9,Loyal
C00023,59,6,21055.71,3,4,3,10,Loyal
C00024,56,4,17835.28,3,2,3,8,Regular
C00025,346,1,2642.4,1,1,1,3,At Risk
C00026,59,4,24731.870000000003,3,2,3,8,Regular
C00027,5,2,7568.889999999999,4,1,1,6,Regular
C00028,131,3,16669.6,2,2,3,7,Regular
C00029,18,5,18394.93,4,3,3,10,Loyal
C00030,260,1,1980.3,1,1,1,3,At Risk
C00031,1,4,11488.66,4,2,2,8,Regular
C00032,65,1,1563.09,3,1,1,5,At Risk
C00033,106,3,20175.48,2,2,3,7,Regular
C00034,6,2,13621.06,4,1,2,7,Regular
C00035,302,1,4622.61,1,1,1,3,At Risk
C00036,177,1,7993.14,1,1,1,3,At Risk
C00037,45,7,50872.11,3,4,4,11,Champions
C00038,95,3,8949.07,2,2,1,5,At Risk
C00039,3,1,7994.35,4,1,1,6,Regular
C00041,132,2,10355.36,2,1,2,5,At Risk
C00042,20,4,21817.380000000005,4,2,3,9,Loyal
C00043,104,3,17821.98,2,2,3,7,Regular
C00044,93,4,15794.73,2,2,2,6,Regular
C00045,155,4,18461.53,1,2,3,6,Regular
C00046,58,1,1612.67,3,1,1,5,At Risk
C00047,210,6,33240.54,1,4,4,9,Loyal
C00048,54,6,37033.020000000004,3,4,4,11,Champions
C00049,91,4,12379.14,2,2,2,6,Regular
C00050,25,3,12958.16,4,2,2,8,Regular
C00051,48,4,30537.82,3,2,4,9,Loyal
C00052,57,3,15228.3,3,2,2,7,Regular
C00053,44,1,1482.69,3,1,1,5,At Risk
C00054,28,8,40357.35,3,4,4,11,Champions
C00055,145,2,5532.08,1,1,1,3,At Risk
C00056,40,4,10661.58,3,2,2,7,Regular
C00057,3,3,5528.59,4,2,1,7,Regular
C00058,83,2,6057.16,2,1,1,4,At Risk
C00059,35,2,8337.29,3,1,1,5,At Risk
C00060,14,3,9722.14,4,2,2,8,Regular
C00061,220,4,18165.47,1,2,3,6,Regular
C00062,125,5,19426.0,2,3,3,8,Regular
C00063,99,4,23345.550000000003,2,2,3,7,Regular
C00064,224,3,16246.83,1,2,3,6,Regular
C00065,98,1,4590.0,2,1,1,4,At Risk
C00066,2,5,40305.450000000004,4,3,4,11,Champions
C00067,75,3,16488.07,2,2,3,7,Regular
C00068,22,3,11671.73,4,2,2,8,Regular
C00069,122,2,10786.71,2,1,2,5,At Risk
C00070,119,3,8963.92,2,2,1,5,At Risk
C00071,34,5,20238.829999999998,3,3,3,9,Loyal
C00072,10,7,30685.75,4,4,4,12,Champions
C00073,291,2,4862.57,1,1,1,3,At Risk
C00074,146,2,9166.970000000001,1,1,1,3,At Risk
C00075,26,5,18073.809999999998,4,3,3,10,Loyal
C00076,36,4,9834.380000000001,3,2,2,7,Regular
C00077,24,4,11562.01,4,2,2,8,Regular
C00078,138,1,1647.75,1,1,1,3,At Risk
C00079,152,5,12711.18,1,3,2,6,Regular
C00080,11,6,16675.09,4,4,3,11,Champions
C00081,60,2,7191.09,3,1,1,5,At Risk
C00082,68,4,9639.57,3,2,2,7,Regular
C00083,151,2,2361.86,1,1,1,3,At Risk
C00085,19,4,17212.17,4,2,3,9,Loyal
C00086,288,1,5894.1,1,1,1,3,At Risk
C00087,132,2,8483.0,2,1,1,4,At Risk
C00088,232,2,7811.93,1,1,1,3,At Risk
C00089,1,3,12233.66,4,2,2,8,Regular
C00090,8,5,23510.05,4,3,3,10,Loyal
C00091,115,7,35529.92,2,4,4,10,Loyal
C00092,41,3,14336.56,3,2,2,7,Regular
C00093,2,5,21739.22,4,3,3,10,Loyal
C00094,4,7,50301.240000000005,4,4,4,12,Champions
C00095,124,2,10868.17,2,1,2,5,At Risk
C00096,208,1,2982.8,1,1,1,3,At Risk
C00097,10,4,16441.33,4,2,3,9,Loyal
C00098,77,3,15087.85,2,2,2,6,Regular
C00099,82,4,17465.38,2,2,3,7,Regular
C00100,54,2,7168.76,3,1,1,5,At Risk
C00101,3,2,8538.439999999999,4,1,1,6,Regular
C00102,94,4,15536.97,2,2,2,6,Regular
C00103,175,2,10626.56,1,1,2,4,At Risk
C00104,5,3,9645.42,4,2,2,8,Regular
C00105,151,4,15095.560000000001,1,2,2,5,At Risk
C00106,122,7,35387.67,2,4,4,10,Loyal
C00108,70,4,26839.56,2,2,4,8,Regular
C00109,10,8,58095.090000000004,4,4,4,12,Champions
C00110,177,3,5024.12,1,2,1,4,At Risk
C00111,44,3,29067.4,3,2,4,9,Loyal
C00112,62,9,43698.03,3,4,4,11,Champions
C00113,157,3,23948.24,1,2,3,6,Regular
C00114,228,2,12233.689999999999,1,1,2,4,At Risk
C00115,15,3,18352.190000000002,4,2,3,9,Loyal
C00116,22,5,35490.49,4,3,4,11,Champions
C00117,9,5,35221.3,4,3,4,11,Champions
C00118,49,4,18524.48,3,2,3,8,Regular
C00119,244,3,27900.300000000003,1,2,4,7,Regular
C00120,14,3,18772.629999999997,4,2,3,9,Loyal
C00121,1,5,18767.12,4,3,3,10,Loyal
C00122,61,5,10212.779999999999,3,3,2,8,Regular
C00123,9,5,14151.83,4,3,2,9,Loyal
C00124,20,5,15174.91,4,3,2,9,Loyal
C00125,40,5,12977.87,3,3,2,8,Regular
C00126,205,3,12351.14,1,2,2,5,At Risk
C00127,176,3,17014.92,1,2,3,6,Regular
C00128,138,5,15964.27,1,3,2,6,Regular
C00129,151,3,31983.63,1,2,4,7,Regular
C00130,199,4,20051.68,1,2,3,6,Regular
C00131,85,3,10500.14,2,2,2,6,Regular
C00132,24,5,30938.73,4,3,4,11,Champions
C00133,134,4,21760.54,1,2,3,6,Regular
C00134,307,1,5278.84,1,1,1,3,At Risk
C00135,8,6,30998.649999999998,4,4,4,12,Champions
C00136,112,3,11431.34,2,2,2,6,Regular
C00137,112,3,10278.99,2,2,2,6,Regular
C00138,136,2,10109.77,1,1,2,4,At Risk
C00139,94,4,14416.43,2,2,2,6,Regular
C00140,2,4,20506.03,4,2,3,9,Loyal
C00141,16,3,6484.57,4,2,1,7,Regular
C00142,101,4,17480.989999999998,2,2,3,7,Regular
C00143,13,6,14968.0,4,4,2,10,Loyal
C00145,30,2,4046.12,3,1,1,5,At Risk
C00146,128,3,10465.88,2,2,2,6,Regular
C00147,28,5,17308.19,3,3,3,9,Loyal
C00148,181,2,5490.59,1,1,1,3,At Risk
C00149,138,4,19527.26,1,2,3,6,Regular
C00150,83,3,23803.28,2,2,3,7,Regular
C00151,96,4,23816.5,2,2,3,7,Regular
C00152,125,5,33148.16,2,3,4,9,Loyal
C00153,77,5,27838.45,2,3,4,9,Loyal
C00154,249,1,2937.74,1,1,1,3,At Risk
C00155,80,3,15107.67,2,2,2,6,Regular
C00156,27,6,25521.2,4,4,4,12,Champions
C00157,180,2,13882.970000000001,1,1,2,4,At Risk
C00158,42,4,17001.2,3,2,3,8,Regular
C00159,53,1,3393.01,3,1,1,5,At Risk
C00160,61,5,33385.149999999994,3,3,4,10,Loyal
C00161,149,3,5310.27,1,2,1,4,At Risk
C00162,69,2,4566.55,3,1,1,5,At Risk
C00163,303,3,15897.57,1,2,2,5,At Risk
C00164,14,3,11086.29,4,2,2,8,Regular
C00165,4,3,14666.580000000002,4,2,2,8,Regular
C00166,47,3,8875.86,3,2,1,6,Regular
C00167,161,5,22274.68,1,3,3,7,Regular
C00168,88,2,13157.099999999999,2,1,2,5,At Risk
C00169,36,3,13932.369999999999,3,2,2,7,Regular
C00171,137,5,15678.43,1,3,2,6,Regular
C00172,91,5,23097.03,2,3,3,8,Regular
C00173,69,4,10861.34,3,2,2,7,Regular
C00174,35,3,11690.130000000001,3,2,2,7,Regular
C00175,29,5,19135.46,3,3,3,9,Loyal
C00176,200,3,18385.78,1,2,3,6,Regular
C00177,28,5,24200.58,3,3,3,9,Loyal
C00178,263,3,20175.65,1,2,3,6,Regular
C00179,5,2,3900.08,4,1,1,6,Regular
C00180,86,5,25466.61,2,3,4,9,Loyal
C00181,20,3,18505.73,4,2,3,9,Loyal
C00182,16,6,26100.35,4,4,4,12,Champions
C00183,253,2,8013.73,1,1,1,3,At Risk
C00184,2,7,27548.24,4,4,4,12,Champions
C00185,15,2,10524.18,4,1,2,7,Regular
C00186,58,4,14913.22,3,2,2,7,Regular
C00187,26,4,24946.48,4,2,4,10,Loyal
C00188,214,3,5930.25,1,2,1,4,At Risk
C00189,241,2,1596.1,1,1,1,3,At Risk
C00190,131,5,21527.82,2,3,3,8,Regular
C00191,119,2,4188.67,2,1,1,4,At Risk
C00192,22,4,7688.31,4,2,1,7,Regular
C00193,35,4,14921.51,3,2,2,7,Regular
C00194,52,2,7857.64,3,1,1,5,At Risk
C00195,16,6,38261.520000000004,4,4,4,12,Champions
C00196,26,4,26268.980000000003,4,2,4,10,Loyal
C00197,265,1,13546.82,1,1,2,4,At Risk
C00198,121,3,8068.42,2,2,1,5,At Risk
C00199,40,4,28750.670000000002,3,2,4,9,Loyal
C00200,35,5,23475.18,3,3,3,9,Loyal
C00201,31,4,17059.94,3,2,3,8,Regular
C00202,80,5,22854.41,2,3,3,8,Regular
C00203,36,8,40579.7,3,4,4,11,Champions
C00204,98,3,15952.890000000001,2,2,2,6,Regular
C00205,58,3,5451.64,3,2,1,6,Regular
C00206,77,3,18282.670000000002,2,2,3,7,Regular
C00207,117,5,15740.779999999999,2,3,2,7,Regular
C00208,98,4,26968.79,2,2,4,8,Regular
C00209,38,6,29658.82,3,4,4,11,Champions
C00210,22,3,14901.460000000001,4,2,2,8,Regular
C00211,5,6,29985.84,4,4,4,12,Champions
C00212,2,7,25307.100000000002,4,4,4,12,Champions
C00213,42,1,11747.56,3,1,2,6,Regular
C00214,50,7,31966.82,3,4,4,11,Champions
C00215,83,4,26341.28,2,2,4,8,Regular
C00216,15,7,36448.11,4,4,4,12,Champions
C00217,78,1,656.88,2,1,1,4,At Risk
C00218,132,4,15792.240000000002,2,2,2,6,Regular
C00219,50,3,9254.82,3,2,1,6,Regular
C00220,36,5,33428.65,3,3,4,10,Loyal
C00221,96,4,15861.23,2,2,2,6,Regular
C00222,201,3,19605.14,1,2,3,6,Regular
C00223,80,4,14238.26,2,2,2,6,Regular
C00225,20,5,18226.489999999998,4,3,3,10,Loyal
C00226,53,4,16589.46,3,2,3,8,Regular
C00227,83,3,14680.48,2,2,2,6,Regular
C00228,84,2,11345.21,2,1,2,5,At Risk
C00229,121,1,4745.63,2,1,1,4,At Risk
C00230,131,4,30771.06,2,2,4,8,Regular
C00231,140,3,13545.580000000002,1,2,2,5,At Risk
C00232,85,2,7017.77,2,1,1,4,At Risk
C00233,101,3,10407.990000000002,2,2,2,6,Regular
C00234,18,4,28516.43,4,2,4,10,Loyal
C00235,126,4,28349.54,2,2,4,8,Regular
C00236,364,1,2994.7,1,1,1,3,At Risk
C00237,81,4,16541.6,2,3,3,8,Regular
C00238,6,4,14519.24,4,3,2,9,Loyal
C00239,111,3,19686.71,2,2,3,7,Regular
C00240,357,1,5223.66,1,1,1,3,At Risk
C00241,23,4,17060.27,4,3,3,10,Loyal
C00242,6,2,14167.689999999999,4,1,2,7,Regular
C00243,19,8,59464.99,4,4,4,12,Champions
C00244,20,4,25008.18,4,3,4,11,Champions
C00245,183,1,3194.41,1,1,1,3,At Risk
C00246,192,3,10343.960000000001,1,2,2,5,At Risk
C00248,117,4,14222.27,2,3,2,7,Regular
C00249,66,3,8738.93,3,2,1,6,Regular
C00250,261,3,19636.29,1,2,3,6,Regular
C00251,197,1,5268.62,1,1,1,3,At Risk
C00252,5,3,11710.42,4,2,2,8,Regular
C00253,200,1,8000.4,1,1,1,3,At Risk
C00254,115,5,21092.24,2,3,3,8,Regular
C00255,16,7,40836.37,4,4,4,12,Champions
C00256,178,3,19087.9,1,2,3,6,Regular
C00257,12,2,16808.63,4,1,3,8,Regular
C00258,114,5,17929.33,2,3,3,8,Regular
C00259,93,4,23234.260000000002,2,3,3,8,Regular
C00260,8,6,37814.34,4,4,4,12,Champions
C00261,98,5,27960.63,2,3,4,9,Loyal
C00262,14,1,9679.42,4,1,2,7,Regular
C00263,19,5,12082.46,4,3,2,9,Loyal
C00264,235,6,22569.71,1,4,3,8,Regular
C00266,30,4,22105.66,3,3,3,9,Loyal
C00267,125,4,11866.78,2,3,2,7,Regular
C00268,180,2,2601.29,1,1,1,3,At Risk
C00269,25,2,10911.32,4,1,2,7,Regular
C00270,3,3,12407.49,4,2,2,8,Regular
C00271,72,7,37879.8,2,4,4,10,Loyal
C00272,125,6,15927.970000000001,2,4,2,8,Regular
C00273,90,2,13554.19,2,1,2,5,At Risk
C00274,84,2,7269.76,2,1,1,4,At Risk
C00275,201,3,9588.45,1,2,2,5,At Risk
C00276,36,5,10862.56,3,3,2,8,Regular
C00277,32,2,6002.42,3,1,1,5,At Risk
C00278,16,4,20908.25,4,3,3,10,Loyal
C00279,23,3,13948.41,4,2,2,8,Regular
C00280,79,5,25589.85,2,3,4,9,Loyal
C00281,23,4,12104.359999999999,4,3,2,9,Loyal
C00282,299,2,2819.98,1,1,1,3,At Risk
C00283,146,5,28425.16,1,3,4,8,Regular
C00284,115,3,9063.54,2,2,1,5,At Risk
C00285,60,2,14830.939999999999,3,1,2,6,Regular
C00286,98,9,53565.85,2,4,4,10,Loyal
C00287,94,2,5943.83,2,1,1,4,At Risk
C00288,262,2,14802.18,1,1,2,4,At Risk
C00289,1,3,11126.32,4,2,2,8,Regular
C00290,51,4,18172.45,3,3,3,9,Loyal
C00291,11,8,34267.58,4,4,4,12,Champions
C00292,66,4,14105.47,3,3,2,8,Regular
C00293,153,2,21199.42,1,1,3,5,At Risk
C00294,32,4,35453.4,3,3,4,10,Loyal
C00295,131,4,22394.84,2,3,3,8,Regular
C00296,155,1,4491.4,1,1,1,3,At Risk
C00297,3,7,28433.25,4,4,4,12,Champions
C00298,56,4,15925.95,3,3,2,8,Regular
C00299,132,1,1648.96,2,1,1,4,At Risk
C00300,34,6,35220.91,3,4,4,11,Champions
C00301,218,5,28247.410000000003,1,3,4,8,Regular
C00302,166,3,21522.38,1,2,3,6,Regular
C00303,96,4,14012.76,2,3,2,7,Regular
C00304,40,4,17792.05,3,3,3,9,Loyal
C00305,169,2,8021.77,1,1,1,3,At Risk
C00306,59,7,31303.12,3,4,4,11,Champions
C00307,10,1,12950.06,4,1,2,7,Regular
C00308,70,5,16020.25,2,3,2,7,Regular
C00309,91,5,29173.800000000003,2,3,4,9,Loyal
C00310,38,5,35994.05,3,3,4,10,Loyal
C00311,222,2,8617.42,1,1,1,3,At Risk
C00312,162,1,2707.66,1,1,1,3,At Risk
C00313,15,5,22586.23,4,3,3,10,Loyal
C00314,69,5,21905.69,3,3,3,9,Loyal
C00315,55,4,8011.6,3,3,1,7,Regular
C00316,28,4,15672.21,3,3,2,8,Regular
C00317,9,4,15630.84,4,3,2,9,Loyal
C00318,24,6,27611.51,4,4,4,12,Champions
C00319,115,4,17333.89,2,3,3,8,Regular
C00320,19,5,21627.71,4,3,3,10,Loyal
C00321,37,3,11640.490000000002,3,2,2,7,Regular
C00322,63,5,25884.72,3,3,4,10,Loyal
C00323,71,4,24518.52,2,3,3,8,Regular
C00324,89,4,22347.54,2,3,3,8,Regular
C00325,29,4,11213.19,3,3,2,8,Regular
C00326,180,4,17910.32,1,3,3,7,Regular
C00327,269,1,1037.08,1,1,1,3,At Risk
C00328,159,6,34513.83,1,4,4,9,Loyal
C00329,38,6,8118.47,3,4,1,8,Regular
C00330,218,1,5730.72,1,1,1,3,At Risk
C00331,50,3,5808.6,3,2,1,6,Regular
C00332,66,2,12202.92,3,1,2,6,Regular
C00333,48,7,38367.43,3,4,4,11,Champions
C00334,15,2,8218.33,4,1,1,6,Regular
C00335,54,4,19907.11,3,3,3,9,Loyal
C00336,162,4,37143.61,1,3,4,8,Regular
C00337,38,7,31972.86,3,4,4,11,Champions
C00339,194,3,6916.3099999999995,1,2,1,4,At Risk
C00340,129,2,5774.92,2,1,1,4,At Risk
C00341,102,4,26885.05,2,3,4,9,Loyal
C00342,44,4,31493.51,3,3,4,10,Loyal
C00343,11,8,32206.11,4,4,4,12,Champions
C00344,14,4,24529.13,4,3,3,10,Loyal
C00345,221,2,3300.2700000000004,1,1,1,3,At Risk
C00346,54,3,17872.84,3,2,3,8,Regular
C00347,7,2,10702.3,4,1,2,7,Regular
C00348,82,4,22071.71,2,3,3,8,Regular
C00349,2,3,5255.06,4,2,1,7,Regular
C00350,206,1,3317.43,1,1,1,3,At Risk
C00351,128,2,25223.18,2,1,4,7,Regular
C00352,176,3,20618.93,1,2,3,6,Regular
C00353,271,3,6827.9,1,2,1,4,At Risk
C00354,357,1,1906.55,1,1,1,3,At Risk
C00355,80,4,38139.119999999995,2,3,4,9,Loyal
C00356,9,7,21686.06,4,4,3,11,Champions
C00357,157,9,47179.28,1,4,4,9,Loyal
C00358,4,4,28053.739999999998,4,3,4,11,Champions
C00359,9,4,27430.95,4,3,4,11,Champions
C00360,132,3,28409.7,2,2,4,8,Regular
C00361,134,5,20401.2,1,3,3,7,Regular
C00362,3,4,21755.21,4,3,3,10,Loyal
C00363,339,1,6250.32,1,1,1,3,At Risk
C00364,23,1,8776.11,4,1,1,6,Regular
C00365,54,2,5323.299999999999,3,1,1,5,At Risk
C00366,137,7,28027.98,1,4,4,9,Loyal
C00367,53,3,19193.37,3,2,3,8,Regular
C00368,124,1,6357.72,2,1,1,4,At Risk
C00369,85,5,25199.84,2,3,4,9,Loyal
C00370,158,1,2675.17,1,1,1,3,At Risk
C00371,302,1,8117.06,1,1,1,3,At Risk
C00372,7,10,35234.24,4,4,4,12,Champions
C00373,1,8,20105.54,4,4,3,11,Champions
C00374,9,7,34874.44,4,4,4,12,Champions
C00375,180,2,10675.54,1,1,2,4,At Risk
C00376,101,1,8757.28,2,1,1,4,At Risk
C00377,21,5,21972.15,4,3,3,10,Loyal
C00378,27,2,4590.99,4,1,1,6,Regular
C00379,21,5,34233.96,4,3,4,11,Champions
C00380,13,1,7750.33,4,1,1,6,Regular
C00381,125,4,12861.9,2,3,2,7,Regular
C00382,136,3,9672.38,1,2,2,5,At Risk
C00383,42,8,16410.08,3,4,3,10,Loyal
C00384,104,2,14588.53,2,1,2,5,At Risk
C00385,63,6,26269.059999999998,3,4,4,11,Champions
C00386,2,3,12642.74,4,2,2,8,Regular
C00387,10,5,27124.88,4,3,4,11,Champions
C00388,147,4,17546.18,1,3,3,7,Regular
C00389,86,6,29257.94,2,4,4,10,Loyal
C00390,17,3,7415.17,4,2,1,7,Regular
C00391,224,2,8231.29,1,1,1,3,At Risk
C00392,83,3,16700.05,2,2,3,7,Regular
C00393,43,4,12551.05,3,3,2,8,Regular
C00394,102,5,34244.6,2,3,4,9,Loyal
C00395,247,1,4343.23,1,1,1,3,At Risk
C00396,33,5,45524.13,3,3,4,10,Loyal
C00397,14,6,15473.12,4,4,2,10,Loyal
C00398,9,6,49191.09,4,4,4,12,Champions
C00399,252,2,13562.88,1,1,2,4,At Risk
C00400,118,3,12654.7,2,2,2,6,Regular
C00401,113,2,8450.13,2,1,1,4,At Risk
C00402,120,5,14466.23,2,3,2,7,Regular
C00403,25,6,33288.5,4,4,4,12,Champions
C00404,183,2,4168.1,1,1,1,3,At Risk
C00405,57,3,29851.19,3,2,4,9,Loyal
C00406,17,5,34892.96,4,3,4,11,Champions
C00407,124,1,6071.28,2,1,1,4,At Risk
C00408,131,1,3941.48,2,1,1,4,At Risk
C00409,255,2,3166.19,1,1,1,3,At Risk
C00410,39,4,13775.16,3,3,2,8,Regular
C00411,60,6,36672.6,3,4,4,11,Champions
C00412,255,3,22962.019999999997,1,2,3,6,Regular
C00413,37,3,16693.3,3,2,3,8,Regular
C00414,57,4,13533.34,3,3,2,8,Regular
C00415,79,4,26753.7,2,3,4,9,Loyal
C00416,152,3,16949.19,1,2,3,6,Regular
C00417,17,5,20305.29,4,3,3,10,Loyal
C00418,159,2,12236.949999999999,1,1,2,4,At Risk
C00419,59,3,22831.34,3,2,3,8,Regular
C00420,118,4,20704.9,2,3,3,8,Regular
C00421,6,8,22509.879999999997,4,4,3,11,Champions
C00422,5,4,25943.629999999997,4,3,4,11,Champions
C00423,168,1,2105.23,1,1,1,3,At Risk
C00424,100,4,12879.32,2,3,2,7,Regular
C00425,68,4,21102.66,3,3,3,9,Loyal
C00426,245,1,11105.57,1,1,2,4,At Risk
C00427,11,6,13655.27,4,4,2,10,Loyal
C00428,118,4,14719.7,2,3,2,7,Regular
C00429,9,3,8414.55,4,2,1,7,Regular
C00430,48,8,29060.660000000003,3,4,4,11,Champions
C00431,44,4,23677.02,3,3,3,9,Loyal
C00432,108,3,10813.23,2,2,2,6,Regular
C00433,206,5,17539.39,1,3,3,7,Regular
C00434,118,3,11261.84,2,2,2,6,Regular
C00435,263,3,10844.58,1,2,2,5,At Risk
C00436,96,1,1047.61,2,1,1,4,At Risk
C00437,148,2,7771.17,1,1,1,3,At Risk
C00438,27,1,7774.34,4,1,1,6,Regular
C00439,43,2,6253.75,3,1,1,5,At Risk
C00440,34,6,26686.4,3,4,4,11,Champions
C00441,25,2,15027.42,4,1,2,7,Regular
C00442,25,1,2309.81,4,1,1,6,Regular
C00443,226,1,3192.42,1,1,1,3,At Risk
C00444,41,10,40995.48,3,4,4,11,Champions
C00445,282,1,5046.08,1,1,1,3,At Risk
C00446,17,7,31808.2,4,4,4,12,Champions
C00447,173,2,7611.539999999999,1,1,1,3,At Risk
C00448,66,5,18536.5,3,3,3,9,Loyal
C00449,146,3,22180.27,1,2,3,6,Regular
C00450,7,6,33281.2,4,4,4,12,Champions
C00451,37,2,14550.099999999999,3,1,2,6,Regular
C00452,53,5,20131.47,3,3,3,9,Loyal
C00453,61,3,22128.6,3,2,3,8,Regular
C00454,51,7,29492.399999999998,3,4,4,11,Champions
C00455,2,6,26094.34,4,4,4,12,Champions
C00456,169,1,5344.12,1,1,1,3,At Risk
C00457,173,2,17199.0,1,1,3,5,At Risk
C00458,8,3,9110.16,4,2,1,7,Regular
C00459,59,5,19720.52,3,3,3,9,Loyal
C00460,60,5,17609.68,3,3,3,9,Loyal
C00461,73,12,64189.59,2,4,4,10,Loyal
C00462,16,2,16434.21,4,1,3,8,Regular
C00463,28,8,36530.65,3,4,4,11,Champions
C00464,107,2,8367.48,2,1,1,4,At Risk
C00465,167,3,17190.04,1,2,3,6,Regular
C00466,33,4,6170.59,3,3,1,7,Regular
C00467,8,5,9265.56,4,3,1,8,Regular
C00468,38,6,31108.749999999996,3,4,4,11,Champions
C00469,98,7,31408.629999999997,2,4,4,10,Loyal
C00470,33,1,6067.08,3,1,1,5,At Risk
C00471,350,1,3614.03,1,1,1,3,At Risk
C00472,37,3,24198.61,3,2,3,8,Regular
C00473,48,5,33017.22,3,3,4,10,Loyal
C00474,8,3,19420.53,4,2,3,9,Loyal
C00475,71,4,11121.849999999999,2,3,2,7,Regular
C00476,206,3,17224.52,1,2,3,6,Regular
C00477,102,6,29535.87,2,4,4,10,Loyal
C00478,231,3,22161.55,1,2,3,6,Regular
C00479,309,1,2688.05,1,1,1,3,At Risk
C00480,152,3,5136.110000000001,1,2,1,4,At Risk
C00481,116,5,9750.16,2,3,2,7,Regular
C00482,136,6,25193.16,1,4,4,9,Loyal
C00483,74,5,31295.02,2,3,4,9,Loyal
C00484,135,5,17598.61,1,3,3,7,Regular
C00485,69,3,13376.55,3,2,2,7,Regular
C00486,102,4,8179.48,2,3,1,6,Regular
C00487,117,3,17081.12,2,2,3,7,Regular
C00488,33,4,10908.22,3,3,2,8,Regular
C00489,104,4,22673.8,2,3,3,8,Regular
C00490,12,3,13877.03,4,2,2,8,Regular
C00491,126,4,21169.81,2,3,3,8,Regular
C00492,151,2,9942.869999999999,1,1,2,4,At Risk
C00493,22,2,3346.2,4,1,1,6,Regular
C00494,97,4,11593.08,2,3,2,7,Regular
C00495,20,4,13571.220000000001,4,3,2,9,Loyal
C00496,226,4,39988.5,1,3,4,8,Regular
C00497,59,8,41825.46,3,4,4,11,Champions
C00498,44,6,35028.12,3,4,4,11,Champions
C00499,214,4,18114.920000000002,1,3,3,7,Regular
C00500,12,1,706.33,4,1,1,6,Regular
C00501,240,2,6523.110000000001,1,1,1,3,At Risk
C00502,337,1,9620.6,1,1,2,4,At Risk
C00503,130,4,10028.09,2,3,2,7,Regular
C00504,138,5,22550.48,1,3,3,7,Regular
C00505,26,3,5574.6,4,2,1,7,Regular
C00506,86,5,16493.62,2,3,3,8,Regular
C00507,147,1,6382.8,1,1,1,3,At Risk
C00508,22,3,15782.32,4,2,2,8,Regular
C00509,259,3,20833.32,1,2,3,6,Regular
C00510,11,8,22522.21,4,4,3,11,Champions
C00511,80,4,29106.72,2,3,4,9,Loyal
C00512,249,3,15490.21,1,2,2,5,At Risk
C00513,305,1,4452.12,1,1,1,3,At Risk
C00514,30,4,47591.09,3,3,4,10,Loyal
C00516,125,3,15397.34,2,2,2,6,Regular
C00517,17,6,31256.84,4,4,4,12,Champions
C00518,180,1,2999.57,1,1,1,3,At Risk
C00519,17,4,8761.76,4,3,1,8,Regular
C00520,21,5,25228.1,4,3,4,11,Champions
C00522,6,4,19998.68,4,3,3,10,Loyal
C00523,58,4,7885.71,3,3,1,7,Regular
C00524,30,8,28640.23,3,4,4,11,Champions
C00525,73,6,22045.12,2,4,3,9,Loyal
C00526,5,7,20734.45,4,4,3,11,Champions
C00527,109,1,7102.75,2,1,1,4,At Risk
C00528,166,3,19452.76,1,2,3,6,Regular
C00529,6,4,17437.32,4,3,3,10,Loyal
C00530,9,7,33451.14,4,4,4,12,Champions
C00531,111,5,20950.23,2,3,3,8,Regular
C00532,12,4,42927.299999999996,4,3,4,11,Champions
C00533,190,2,16564.309999999998,1,1,3,5,At Risk
C00534,20,6,23326.65,4,4,3,11,Champions
C00535,99,5,14500.09,2,3,2,7,Regular
C00536,2,4,20800.88,4,3,3,10,Loyal
C00537,113,3,14865.6,2,2,2,6,Regular
C00538,153,3,19731.89,1,2,3,6,Regular
C00539,105,6,18114.38,2,4,3,9,Loyal
C00540,118,3,22024.03,2,2,3,7,Regular
C00541,22,6,31645.85,4,4,4,12,Champions
C00542,190,3,17099.09,1,2,3,6,Regular
C00543,59,4,13800.91,3,3,2,8,Regular
C00544,155,3,11077.83,1,2,2,5,At Risk
C00545,161,5,29348.47,1,3,4,8,Regular
C00546,72,2,11426.46,2,1,2,5,At Risk
C00547,284,1,12280.58,1,1,2,4,At Risk
C00548,11,3,11255.56,4,2,2,8,Regular
C00549,61,4,23592.93,3,3,3,9,Loyal
C00550,16,3,16086.16,4,2,2,8,Regular
C00551,113,4,11567.28,2,3,2,7,Regular
C00552,34,3,9761.69,3,2,2,7,Regular
C00553,16,4,34800.43,4,3,4,11,Champions
C00554,137,2,14924.45,1,1,2,4,At Risk
C00555,125,3,12023.779999999999,2,2,2,6,Regular
C00556,59,4,19452.22,3,3,3,9,Loyal
C00557,112,4,12761.599999999999,2,3,2,7,Regular
C00558,146,3,21256.07,1,2,3,6,Regular
C00559,194,2,14566.8,1,1,2,4,At Risk
C00560,49,4,25698.7,3,3,4,10,Loyal
C00561,69,2,10779.04,3,1,2,6,Regular
C00562,108,5,25246.02,2,3,4,9,Loyal
C00563,131,5,10641.61,2,3,2,7,Regular
C00564,19,5,28500.93,4,3,4,11,Champions
C00565,149,4,19082.65,1,3,3,7,Regular
C00566,32,3,15213.08,3,2,2,7,Regular
C00567,163,4,14668.259999999998,1,3,2,6,Regular
C00568,12,4,13559.31,4,3,2,9,Loyal
C00569,46,3,13649.66,3,2,2,7,Regular
C00570,73,3,6219.57,2,2,1,5,At Risk
C00571,29,6,26568.8,3,4,4,11,Champions
C00572,52,3,9983.36,3,2,2,7,Regular
C00573,78,3,7751.05,2,2,1,5,At Risk
C00575,50,4,15484.8,3,3,2,8,Regular
C00576,38,3,20468.5,3,2,3,8,Regular
C00577,17,5,33419.61,4,3,4,11,Champions
C00578,38,5,35739.009999999995,3,3,4,10,Loyal
C00579,119,3,13773.69,2,2,2,6,Regular
C00580,16,5,23324.23,4,3,3,10,Loyal
C00581,25,3,22438.23,4,2,3,9,Loyal
C00582,258,1,2968.68,1,1,1,3,At Risk
C00583,7,4,23764.72,4,3,3,10,Loyal
C00584,48,4,14958.619999999999,3,3,2,8,Regular
C00585,83,6,25512.010000000002,2,4,4,10,Loyal
C00586,53,9,51547.52,3,4,4,11,Champions
C00587,176,3,17676.21,1,2,3,6,Regular
C00589,146,1,1262.01,1,1,1,3,At Risk
C00590,67,3,12108.030000000002,3,2,2,7,Regular
C00591,10,7,28795.87,4,4,4,12,Champions
C00592,298,1,6537.54,1,1,1,3,At Risk
C00593,157,1,4193.78,1,1,1,3,At Risk
C00594,30,7,35134.869999999995,3,4,4,11,Champions
C00595,33,7,26950.1,3,4,4,11,Champions
C00596,167,3,9944.26,1,2,2,5,At Risk
C00597,7,2,8500.560000000001,4,1,1,6,Regular
C00598,9,2,2317.54,4,1,1,6,Regular
C00599,230,1,1984.68,1,1,1,3,At Risk
C00600,14,10,54271.71,4,4,4,12,Champions
C00601,93,5,37645.58,2,3,4,9,Loyal
C00602,16,5,23111.07,4,3,3,10,Loyal
C00603,179,1,7584.77,1,1,1,3,At Risk
C00604,116,2,7249.29,2,1,1,4,At Risk
C00605,25,5,15532.96,4,3,2,9,Loyal
C00606,187,5,33350.8,1,3,4,8,Regular
C00607,128,4,37856.689999999995,2,3,4,9,Loyal
C00608,16,6,32114.149999999998,4,4,4,12,Champions
C00609,7,7,29138.6,4,4,4,12,Champions
C00610,100,2,7674.76,2,1,1,4,At Risk
C00611,9,3,3102.3900000000003,4,2,1,7,Regular
C00612,13,3,16997.4,4,2,3,9,Loyal
C00613,255,2,3757.08,1,1,1,3,At Risk
C00614,117,6,35066.45,2,4,4,10,Loyal
C00615,197,1,4889.09,1,1,1,3,At Risk
C00616,50,5,22212.18,3,3,3,9,Loyal
C00617,294,1,10161.04,1,1,2,4,At Risk
C00618,160,6,42476.5,1,4,4,9,Loyal
C00619,112,2,11471.91,2,1,2,5,At Risk
C00620,193,2,21546.6,1,1,3,5,At Risk
C00621,108,4,29059.52,2,3,4,9,Loyal
C00622,360,1,678.78,1,1,1,3,At Risk
C00623,94,6,17707.14,2,4,3,9,Loyal
C00624,144,6,32581.36,1,4,4,9,Loyal
C00625,280,1,6085.66,1,1,1,3,At Risk
C00626,16,4,9954.970000000001,4,3,2,9,Loyal
C00627,110,3,8806.070000000002,2,2,1,5,At Risk
C00628,222,2,10113.099999999999,1,1,2,4,At Risk
C00629,22,3,16613.15,4,2,3,9,Loyal
C00630,67,5,16431.010000000002,3,3,3,9,Loyal
C00631,73,2,5060.57,2,1,1,4,At Risk
C00632,40,5,18710.24,3,3,3,9,Loyal
C00633,23,4,11312.98,4,3,2,9,Loyal
C00634,13,4,20533.44,4,3,3,10,Loyal
C00635,73,3,23995.16,2,2,3,7,Regular
C00636,8,7,26448.920000000002,4,4,4,12,Champions
C00637,178,3,10824.67,1,2,2,5,At Risk
C00639,87,2,8225.44,2,1,1,4,At Risk
C00640,70,3,6368.07,2,2,1,5,At Risk
C00642,4,2,9139.09,4,1,1,6,Regular
C00643,144,2,10172.86,1,1,2,4,At Risk
C00644,30,6,32895.16,3,4,4,11,Champions
C00645,12,2,4498.9,4,1,1,6,Regular
C00646,9,6,45412.6,4,4,4,12,Champions
C00647,50,7,28658.34,3,4,4,11,Champions
C00648,205,1,10824.24,1,1,2,4,At Risk
C00649,93,2,9506.119999999999,2,1,1,4,At Risk
C00650,40,6,42313.72,3,4,4,11,Champions
C00651,26,4,12208.16,4,3,2,9,Loyal
C00652,35,2,27854.89,3,1,4,8,Regular
C00653,196,1,2422.91,1,1,1,3,At Risk
C00654,25,3,13441.03,4,2,2,8,Regular
C00655,90,1,4664.61,2,1,1,4,At Risk
C00656,257,1,7829.46,1,1,1,3,At Risk
C00657,9,6,15799.529999999999,4,4,2,10,Loyal
C00658,29,7,41090.08,3,4,4,11,Champions
C00659,2,5,13614.61,4,3,2,9,Loyal
C00660,3,3,9061.75,4,2,1,7,Regular
C00661,50,4,25073.96,3,3,4,10,Loyal
C00662,107,2,6347.9,2,1,1,4,At Risk
C00663,133,4,16649.85,1,3,3,7,Regular
C00664,138,2,9495.66,1,1,1,3,At Risk
C00665,6,5,29930.010000000002,4,3,4,11,Champions
C00666,127,7,44578.22,2,4,4,10,Loyal
C00667,221,2,13264.91,1,1,2,4,At Risk
C00668,15,4,12205.83,4,3,2,9,Loyal
C00669,242,1,1511.01,1,1,1,3,At Risk
C00670,146,3,16709.97,1,2,3,6,Regular
C00671,10,6,25175.62,4,4,4,12,Champions
C00672,163,3,20156.68,1,2,3,6,Regular
C00674,57,6,23597.600000000002,3,4,3,10,Loyal
C00675,52,4,11605.95,3,3,2,8,Regular
C00676,7,4,16826.95,4,3,3,10,Loyal
C00677,5,5,38207.53,4,3,4,11,Champions
C00678,27,4,23714.46,4,3,3,10,Loyal
C00679,283,2,9898.28,1,1,2,4,At Risk
C00680,117,5,17664.940000000002,2,3,3,8,Regular
C00681,11,7,42884.0,4,4,4,12,Champions
C00682,344,1,10355.11,1,1,2,4,At Risk
C00683,191,3,20392.1,1,2,3,6,Regular
C00684,29,4,11634.35,3,3,2,8,Regular
C00685,53,6,10377.74,3,4,2,9,Loyal
C00686,269,3,15706.7,1,2,2,5,At Risk
C00687,192,4,11926.5,1,3,2,6,Regular
C00688,23,2,8205.78,4,1,1,6,Regular
C00689,42,2,11993.220000000001,3,1,2,6,Regular
C00690,327,2,5424.73,1,1,1,3,At Risk
C00691,42,2,9977.68,3,1,2,6,Regular
C00692,29,4,16294.080000000002,3,3,3,9,Loyal
C00693,39,6,35935.82,3,4,4,11,Champions
C00694,51,3,11941.130000000001,3,2,2,7,Regular
C00695,101,2,9421.97,2,1,1,4,At Risk
C00696,24,1,9284.85,4,1,1,6,Regular
C00697,161,1,10614.38,1,1,2,4,At Risk
C00698,18,4,25680.96,4,3,4,11,Champions
C00699,138,3,33023.37,1,2,4,7,Regular
C00700,220,3,12985.33,1,2,2,5,At Risk
C00701,26,2,15021.0,4,1,2,7,Regular
C00702,299,2,11233.91,1,1,2,4,At Risk
C00703,18,5,21539.04,4,3,3,10,Loyal
C00704,74,2,13952.2,2,1,2,5,At Risk
C00705,68,4,15165.45,3,3,2,8,Regular
C00706,38,6,23624.12,3,4,3,10,Loyal
C00707,44,7,35919.28,3,4,4,11,Champions
C00708,61,3,12346.189999999999,3,2,2,7,Regular
C00709,32,3,11492.53,3,2,2,7,Regular
C00710,3,8,27196.039999999997,4,4,4,12,Champions
C00711,6,5,22989.43,4,3,3,10,Loyal
C00712,187,5,46322.29,1,3,4,8,Regular
C00713,159,2,7462.13,1,1,1,3,At Risk
C00714,36,9,35967.92,3,4,4,11,Champions
C00715,47,2,3649.64,3,1,1,5,At Risk
C00716,25,5,24200.28,4,3,3,10,Loyal
C00717,36,6,16445.5,3,4,3,10,Loyal
C00719,36,4,21842.52,3,3,3,9,Loyal
C00720,39,4,24956.74,3,3,4,10,Loyal
C00721,101,4,21042.59,2,3,3,8,Regular
C00722,274,4,16675.55,1,3,3,7,Regular
C00723,151,7,37463.56,1,4,4,9,Loyal
C00724,50,3,10735.75,3,2,2,7,Regular
C00725,1,7,22022.05,4,4,3,11,Champions
C00726,10,3,6499.45,4,2,1,7,Regular
C00727,15,2,7787.29,4,1,1,6,Regular
C00728,82,6,36338.08,2,4,4,10,Loyal
C00729,65,5,16073.71,3,3,2,8,Regular
C00730,78,2,6588.66,2,1,1,4,At Risk
C00731,45,3,14538.48,3,2,2,7,Regular
C00732,114,3,10607.66,2,2,2,6,Regular
C00733,28,6,38418.53,3,4,4,11,Champions
C00734,179,7,22966.69,1,4,3,8,Regular
C00735,129,6,35461.45,2,4,4,10,Loyal
C00736,10,7,31478.519999999997,4,4,4,12,Champions
C00737,147,2,22402.27,1,1,3,5,At Risk
C00738,28,6,16170.960000000001,3,4,2,9,Loyal
C00739,217,2,6079.94,1,1,1,3,At Risk
C00740,173,2,14276.58,1,1,2,4,At Risk
C00741,29,6,14907.789999999999,3,4,2,9,Loyal
C00742,64,7,37590.08,3,4,4,11,Champions
C00743,339,1,3771.42,1,1,1,3,At Risk
C00744,200,4,24229.32,1,3,3,7,Regular
C00745,74,5,25959.89,2,3,4,9,Loyal
C00746,13,4,33301.36,4,3,4,11,Champions
C00747,41,6,18851.86,3,4,3,10,Loyal
C00748,77,1,4013.55,2,1,1,4,At Risk
C00749,42,7,35169.17,3,4,4,11,Champions
C00750,10,7,24075.809999999998,4,4,3,11,Champions
C00751,53,3,9879.68,3,2,2,7,Regular
C00752,58,7,35581.55,3,4,4,11,Champions
C00753,152,3,12654.95,1,2,2,5,At Risk
C00754,40,1,8644.94,3,1,1,5,At Risk
C00755,219,2,7807.27,1,1,1,3,At Risk
C00756,59,5,21042.58,3,3,3,9,Loyal
C00757,222,1,7085.9,1,1,1,3,At Risk
C00758,5,2,6531.88,4,1,1,6,Regular
C00760,35,7,30261.46,3,4,4,11,Champions
C00761,14,3,32536.79,4,2,4,10,Loyal
C00762,220,2,12318.32,1,1,2,4,At Risk
C00763,40,3,9665.1,3,2,2,7,Regular
C00764,182,5,29807.54,1,3,4,8,Regular
C00765,31,5,28923.29,3,3,4,10,Loyal
C00766,21,8,57672.56,4,4,4,12,Champions
C00767,38,5,15091.65,3,3,2,8,Regular
C00768,206,5,24560.27,1,3,3,7,Regular
C00770,234,1,3581.7,1,1,1,3,At Risk
C00771,116,4,14822.42,2,3,2,7,Regular
C00772,61,6,29326.92,3,4,4,11,Champions
C00773,79,7,31011.160000000003,2,4,4,10,Loyal
C00774,21,3,14880.289999999999,4,2,2,8,Regular
C00775,101,3,17204.32,2,2,3,7,Regular
C00776,155,3,29983.44,1,2,4,7,Regular
C00777,74,4,29823.69,2,3,4,9,Loyal
C00778,64,5,17164.93,3,3,3,9,Loyal
C00779,54,2,8100.43,3,1,1,5,At Risk
C00780,49,3,28811.789999999997,3,2,4,9,Loyal
C00781,136,2,9075.810000000001,1,1,1,3,At Risk
C00782,9,4,7837.74,4,3,1,8,Regular
C00783,231,1,1988.82,1,1,1,3,At Risk
C00784,43,4,14454.45,3,3,2,8,Regular
C00785,92,3,13557.35,2,2,2,6,Regular
C00786,20,3,10568.65,4,2,2,8,Regular
C00787,97,2,15654.119999999999,2,1,2,5,At Risk
C00788,83,4,9418.76,2,3,1,6,Regular
C00789,23,4,22243.07,4,3,3,10,Loyal
C00790,171,4,28141.06,1,3,4,8,Regular
C00791,67,4,15162.279999999999,3,3,2,8,Regular
C00792,101,2,6737.889999999999,2,1,1,4,At Risk
C00793,6,4,29125.25,4,3,4,11,Champions
C00794,91,4,26953.18,2,3,4,9,Loyal
C00795,5,6,43867.55,4,4,4,12,Champions
C00796,66,3,20886.83,3,2,3,8,Regular
C00797,239,2,3310.0699999999997,1,1,1,3,At Risk
C00798,47,3,18672.300000000003,3,2,3,8,Regular
C00799,66,2,4505.13,3,1,1,5,At Risk
C00800,238,1,3156.36,1,1,1,3,At Risk
C00801,128,1,4621.53,2,1,1,4,At Risk
C00802,243,3,15460.439999999999,1,2,2,5,At Risk
C00803,42,6,31809.989999999998,3,4,4,11,Champions
C00804,198,2,13142.44,1,1,2,4,At Risk
C00805,77,1,267.74,2,1,1,4,At Risk
C00806,208,4,12193.89,1,3,2,6,Regular
C00807,178,5,23158.969999999998,1,3,3,7,Regular
C00808,129,2,11663.150000000001,2,1,2,5,At Risk
C00809,43,2,9554.39,3,1,1,5,At Risk
C00810,61,1,3681.91,3,1,1,5,At Risk
C00812,120,6,32666.93,2,4,4,10,Loyal
C00813,34,7,21539.91,3,4,3,10,Loyal
C00814,167,2,5849.6,1,1,1,3,At Risk
C00815,37,2,4283.17,3,1,1,5,At Risk
C00816,103,2,7025.199999999999,2,1,1,4,At Risk
C00817,87,1,9564.54,2,1,2,5,At Risk
C00818,145,5,17612.27,1,3,3,7,Regular
C00819,55,4,23157.23,3,3,3,9,Loyal
C00820,12,4,31427.559999999998,4,3,4,11,Champions
C00821,145,5,14702.27,1,3,2,6,Regular
C00822,9,4,15422.83,4,3,2,9,Loyal
C00823,9,7,56468.520000000004,4,4,4,12,Champions
C00824,44,3,5520.32,3,2,1,6,Regular
C00825,58,7,32020.6,3,4,4,11,Champions
C00826,97,5,27597.14,2,3,4,9,Loyal
C00827,9,3,10778.91,4,2,2,8,Regular
C00828,104,4,23709.28,2,3,3,8,Regular
C00829,213,1,5813.41,1,1,1,3,At Risk
C00830,101,4,18577.03,2,3,3,8,Regular
C00831,109,4,23169.64,2,3,3,8,Regular
C00832,117,4,37490.420000000006,2,3,4,9,Loyal
C00833,98,4,17293.32,2,3,3,8,Regular
C00834,37,3,12777.880000000001,3,2,2,7,Regular
C00835,155,7,40418.65,1,4,4,9,Loyal
C00836,10,3,16665.69,4,2,3,9,Loyal
C00837,186,1,2409.6,1,1,1,3,At Risk
C00838,32,2,3981.94,3,1,1,5,At Risk
C00839,87,3,13942.73,2,2,2,6,Regular
C00840,230,4,17570.699999999997,1,3,3,7,Regular
C00841,134,4,16337.82,1,3,3,7,Regular
C00842,13,10,39501.04,4,4,4,12,Champions
C00843,95,4,18614.48,2,3,3,8,Regular
C00844,89,5,29825.87,2,3,4,9,Loyal
C00845,117,3,17328.36,2,2,3,7,Regular
C00846,4,5,16486.55,4,3,3,10,Loyal
C00847,81,1,4360.09,2,1,1,4,At Risk
C00848,50,4,11363.37,3,3,2,8,Regular
C00849,13,6,32443.289999999997,4,4,4,12,Champions
C00850,198,3,9576.3,1,2,2,5,At Risk
C00851,20,6,26115.059999999998,4,4,4,12,Champions
C00852,14,2,6745.76,4,1,1,6,Regular
C00853,18,4,18757.75,4,3,3,10,Loyal
C00854,5,6,30472.15,4,4,4,12,Champions
C00855,65,5,23818.22,3,3,3,9,Loyal
C00856,77,5,15034.02,2,3,2,7,Regular
C00857,63,3,12898.68,3,2,2,7,Regular
C00858,67,2,1616.53,3,1,1,5,At Risk
C00859,56,3,9098.86,3,2,1,6,Regular
C00860,33,5,21465.64,3,3,3,9,Loyal
C00861,172,7,20620.46,1,4,3,8,Regular
C00862,49,3,16040.37,3,2,2,7,Regular
C00863,359,1,2380.98,1,1,1,3,At Risk
C00864,12,6,45732.13,4,4,4,12,Champions
C00865,6,6,36096.48,4,4,4,12,Champions
C00866,3,3,12530.95,4,2,2,8,Regular
C00867,93,6,23640.04,2,4,3,9,Loyal
C00868,60,3,11462.74,3,2,2,7,Regular
C00869,35,7,26280.98,3,4,4,11,Champions
C00870,20,6,27456.5,4,4,4,12,Champions
C00871,112,2,9292.96,2,1,1,4,At Risk
C00872,156,2,7067.38,1,1,1,3,At Risk
C00873,7,4,24680.04,4,3,3,10,Loyal
C00874,57,7,20041.329999999998,3,4,3,10,Loyal
C00875,28,1,1979.74,3,1,1,5,At Risk
C00876,234,3,33982.12,1,2,4,7,Regular
C00877,54,3,3732.81,3,2,1,6,Regular
C00878,154,4,31424.2,1,3,4,8,Regular
C00879,133,5,38659.95,1,3,4,8,Regular
C00880,26,4,30767.96,4,3,4,11,Champions
C00881,127,4,19761.88,2,3,3,8,Regular
C00883,6,5,26267.16,4,3,4,11,Champions
C00884,46,3,6639.530000000001,3,2,1,6,Regular
C00885,117,4,16284.72,2,3,3,8,Regular
C00886,10,7,31019.510000000002,4,4,4,12,Champions
C00887,97,5,16741.75,2,3,3,8,Regular
C00888,89,1,5371.09,2,1,1,4,At Risk
C00889,27,5,28095.82,4,3,4,11,Champions
C00890,26,3,15418.150000000001,4,2,2,8,Regular
C00891,159,5,32821.67,1,3,4,8,Regular
C00892,55,2,5378.200000000001,3,1,1,5,At Risk
C00893,42,4,16351.86,3,3,3,9,Loyal
C00894,99,5,40207.71,2,3,4,9,Loyal
C00895,61,3,10810.440000000002,3,2,2,7,Regular
C00896,127,2,18838.04,2,1,3,6,Regular
C00897,16,5,36173.479999999996,4,3,4,11,Champions
C00898,33,4,17245.399999999998,3,3,3,9,Loyal
C00899,52,10,66366.17,3,4,4,11,Champions
C00900,88,5,22967.67,2,3,3,8,Regular
C00901,131,4,28476.45,2,3,4,9,Loyal
C00903,62,5,28410.57,3,3,4,10,Loyal
C00904,130,3,8818.45,2,2,1,5,At Risk
C00905,8,7,20233.83,4,4,3,11,Champions
C00906,6,7,29233.87,4,4,4,12,Champions
C00907,24,4,11106.03,4,3,2,9,Loyal
C00908,38,5,23322.63,3,3,3,9,Loyal
C00909,169,4,17424.760000000002,1,3,3,7,Regular
C00910,122,3,16987.55,2,2,3,7,Regular
C00911,121,7,42363.83,2,4,4,10,Loyal
C00912,155,2,4119.89,1,1,1,3,At Risk
C00914,250,2,6674.139999999999,1,1,1,3,At Risk
C00915,23,3,15402.619999999999,4,2,2,8,Regular
C00916,329,1,581.5,1,1,1,3,At Risk
C00917,184,3,5025.98,1,2,1,4,At Risk
C00918,3,5,18557.67,4,3,3,10,Loyal
C00919,5,3,9254.21,4,2,1,7,Regular
C00920,75,3,13709.16,2,2,2,6,Regular
C00921,135,3,12882.830000000002,1,2,2,5,At Risk
C00922,77,6,29526.82,2,4,4,10,Loyal
C00923,183,5,21254.289999999997,1,3,3,7,Regular
C00924,119,4,19711.77,2,3,3,8,Regular
C00925,58,4,7743.639999999999,3,3,1,7,Regular
C00926,145,4,11860.52,1,3,2,6,Regular
C00927,37,6,20981.68,3,4,3,10,Loyal
C00928,34,4,16623.13,3,3,3,9,Loyal
C00929,16,5,21194.9,4,3,3,10,Loyal
C00930,132,2,10649.09,2,1,2,5,At Risk
C00931,4,4,24990.07,4,3,4,11,Champions
C00932,75,5,16372.44,2,3,3,8,Regular
C00933,33,4,25251.11,3,3,4,10,Loyal
C00934,116,5,24511.04,2,3,3,8,Regular
C00935,51,3,20304.23,3,2,3,8,Regular
C00936,272,1,8461.04,1,1,1,3,At Risk
C00937,59,3,24825.58,3,2,4,9,Loyal
C00938,2,6,27649.510000000002,4,4,4,12,Champions
C00939,206,1,2811.09,1,1,1,3,At Risk
C00940,38,3,13794.9,3,2,2,7,Regular
C00941,68,2,8718.59,3,1,1,5,At Risk
C00942,26,6,41581.67,4,4,4,12,Champions
C00943,14,3,12247.13,4,2,2,8,Regular
C00944,21,7,28784.9,4,4,4,12,Champions
C00945,69,6,39037.45,3,4,4,11,Champions
C00946,132,1,2193.16,2,1,1,4,At Risk
C00947,169,3,3907.79,1,2,1,4,At Risk
C00948,58,4,20989.02,3,3,3,9,Loyal
C00949,44,5,12532.64,3,3,2,8,Regular
C00950,55,6,20108.08,3,4,3,10,Loyal
C00951,129,2,1933.0,2,1,1,4,At Risk
C00952,8,7,36142.99,4,4,4,12,Champions
C00953,2,3,16472.61,4,2,3,9,Loyal
C00954,28,4,13211.14,3,3,2,8,Regular
C00955,21,3,17275.11,4,2,3,9,Loyal
C00956,103,1,3405.21,2,1,1,4,At Risk
C00957,96,3,10643.48,2,2,2,6,Regular
C00958,15,4,21448.239999999998,4,3,3,10,Loyal
C00959,94,4,13257.67,2,3,2,7,Regular
C00960,348,1,1996.91,1,1,1,3,At Risk
C00961,141,3,26951.06,1,2,4,7,Regular
C00962,5,7,24640.8,4,4,3,11,Champions
C00963,24,7,40248.77,4,4,4,12,Champions
C00964,2,4,17158.54,4,3,3,10,Loyal
C00965,80,6,24627.93,2,4,3,9,Loyal
C00966,92,3,13344.74,2,2,2,6,Regular
C00967,15,6,49562.4,4,4,4,12,Champions
C00968,34,7,22259.27,3,4,3,10,Loyal
C00969,102,1,1032.6,2,1,1,4,At Risk
C00970,111,7,41829.57,2,4,4,10,Loyal
C00971,303,2,15811.41,1,1,2,4,At Risk
C00972,24,5,22399.6,4,3,3,10,Loyal
C00973,172,3,7803.73,1,2,1,4,At Risk
C00974,244,4,24242.08,1,3,3,7,Regular
C00975,35,5,34074.98,3,3,4,10,Loyal
C00976,140,3,27908.38,1,2,4,7,Regular
C00977,67,3,24651.260000000002,3,2,3,8,Regular
C00978,4,6,45671.41,4,4,4,12,Champions
C00979,106,4,13446.11,2,3,2,7,Regular
C00980,14,1,5513.31,4,1,1,6,Regular
C00981,165,3,11410.85,1,2,2,5,At Risk
C00982,297,3,6322.16,1,2,1,4,At Risk
C00983,9,4,5596.48,4,3,1,8,Regular
C00984,111,5,13058.47,2,3,2,7,Regular
C00985,168,5,15360.15,1,3,2,6,Regular
C00986,12,3,9208.890000000001,4,2,1,7,Regular
C00987,100,4,20990.81,2,3,3,8,Regular
C00988,217,3,21362.989999999998,1,2,3,6,Regular
C00989,97,3,17853.37,2,2,3,7,Regular
C00990,94,4,11280.039999999999,2,3,2,7,Regular
C00991,11,7,18480.07,4,4,3,11,Champions
C00992,51,4,11665.38,3,3,2,8,Regular
C00993,74,6,40817.15,2,4,4,10,Loyal
C00994,37,5,34317.71,3,3,4,10,Loyal
C00995,83,3,12281.080000000002,2,2,2,6,Regular
C00996,32,4,24523.73,3,3,3,9,Loyal
C00997,61,4,29948.57,3,3,4,10,Loyal
C00998,15,1,2348.51,4,1,1,6,Regular
C00999,15,5,17661.68,4,3,3,10,Loyal
C01000,8,3,7645.09,4,2,1,7,Regular
C01001,58,6,20583.44,3,4,3,10,Loyal
C01002,8,2,6232.87,4,1,1,6,Regular
C01003,16,10,31853.23,4,4,4,12,Champions
C01004,124,2,12176.86,2,1,2,5,At Risk
C01005,7,2,9948.49,4,1,2,7,Regular
C01006,13,2,2223.35,4,1,1,6,Regular
C01007,80,5,27576.739999999998,2,3,4,9,Loyal
C01008,159,3,22644.27,1,2,3,6,Regular
C01009,113,2,12418.24,2,1,2,5,At Risk
C01010,1,2,18936.82,4,1,3,8,Regular
C01011,121,6,20504.12,2,4,3,9,Loyal
C01012,208,2,13352.390000000001,1,1,2,4,At Risk
C01013,67,2,5159.01,3,1,1,5,At Risk
C01014,29,1,2006.3,3,1,1,5,At Risk
C01015,42,5,31372.079999999998,3,3,4,10,Loyal
C01016,23,3,18657.510000000002,4,2,3,9,Loyal
C01017,13,7,34522.64,4,4,4,12,Champions
C01018,41,6,34528.79,3,4,4,11,Champions
C01019,42,7,40034.08,3,4,4,11,Champions
C01020,92,3,13386.86,2,2,2,6,Regular
C01021,15,5,20956.64,4,3,3,10,Loyal
C01022,12,6,39671.29,4,4,4,12,Champions
C01023,73,2,13302.69,2,1,2,5,At Risk
C01024,14,2,6175.38,4,1,1,6,Regular
C01025,112,5,31231.3,2,3,4,9,Loyal
C01026,81,4,10957.52,2,3,2,7,Regular
C01027,110,6,33579.270000000004,2,4,4,10,Loyal
C01028,35,8,31859.71,3,4,4,11,Champions
C01029,111,4,11468.01,2,3,2,7,Regular
C01030,36,5,26731.53,3,3,4,10,Loyal
C01031,11,4,26343.989999999998,4,3,4,11,Champions
C01032,14,9,37736.93,4,4,4,12,Champions
C01033,28,4,21729.16,3,3,3,9,Loyal
C01034,25,4,11878.910000000002,4,3,2,9,Loyal
C01035,194,5,11098.539999999999,1,3,2,6,Regular
C01036,5,2,10058.39,4,1,2,7,Regular
C01037,139,2,5887.379999999999,1,1,1,3,At Risk
C01038,1,5,15513.75,4,3,2,9,Loyal
C01039,148,4,19603.79,1,3,3,7,Regular
C01040,20,6,18578.95,4,4,3,11,Champions
C01041,100,3,12320.289999999999,2,2,2,6,Regular
C01042,53,4,33711.67,3,3,4,10,Loyal
C01044,17,4,12480.11,4,3,2,9,Loyal
C01045,101,4,12847.65,2,3,2,7,Regular
C01046,22,3,15471.39,4,2,2,8,Regular
C01047,302,3,4326.29,1,2,1,4,At Risk
C01048,287,1,3171.15,1,1,1,3,At Risk
C01049,163,3,14819.05,1,2,2,5,At Risk
C01050,95,4,10806.98,2,3,2,7,Regular
C01051,155,4,14875.820000000002,1,3,2,6,Regular
C01052,270,4,14658.400000000001,1,3,2,6,Regular
C01053,181,4,10469.27,1,3,2,6,Regular
C01054,296,4,17292.04,1,3,3,7,Regular
C01055,63,5,39588.37,3,3,4,10,Loyal
C01056,20,2,13411.2,4,1,2,7,Regular
C01057,26,7,29919.64,4,4,4,12,Champions
C01058,145,1,8368.78,1,1,1,3,At Risk
C01059,18,4,20854.93,4,3,3,10,Loyal
C01060,7,3,12236.67,4,2,2,8,Regular
C01061,22,2,5309.04,4,1,1,6,Regular
C01062,175,1,1258.82,1,1,1,3,At Risk
C01063,10,1,5783.35,4,1,1,6,Regular
C01064,119,2,2307.13,2,1,1,4,At Risk
C01065,7,4,21089.01,4,3,3,10,Loyal
C01066,23,5,20710.88,4,3,3,10,Loyal
C01067,28,7,31247.22,3,4,4,11,Champions
C01069,252,1,4646.84,1,1,1,3,At Risk
C01070,323,1,8904.16,1,1,1,3,At Risk
C01071,14,5,20197.89,4,3,3,10,Loyal
C01072,106,3,12075.67,2,2,2,6,Regular
C01073,48,5,15293.82,3,3,2,8,Regular
C01074,81,3,15641.78,2,2,2,6,Regular
C01075,9,2,14861.189999999999,4,1,2,7,Regular
C01076,150,2,7932.61,1,1,1,3,At Risk
C01077,7,2,9206.289999999999,4,1,1,6,Regular
C01078,202,2,11212.48,1,1,2,4,At Risk
C01079,129,4,24576.42,2,3,3,8,Regular
C01080,75,8,21598.86,2,4,3,9,Loyal
C01081,218,1,15141.85,1,1,2,4,At Risk
C01082,158,2,10952.72,1,1,2,4,At Risk
C01083,109,4,14663.11,2,3,2,7,Regular
C01084,21,3,12425.75,4,2,2,8,Regular
C01085,81,3,10729.38,2,2,2,6,Regular
C01086,192,3,14841.599999999999,1,2,2,5,At Risk
C01087,61,2,8392.06,3,1,1,5,At Risk
C01088,7,4,20127.13,4,3,3,10,Loyal
C01089,42,2,9557.849999999999,3,1,1,5,At Risk
C01091,81,2,7967.5,2,1,1,4,At Risk
C01092,79,5,32457.550000000003,2,3,4,9,Loyal
C01093,10,3,8772.21,4,2,1,7,Regular
C01094,229,2,10973.21,1,1,2,4,At Risk
C01095,1,4,13719.91,4,3,2,9,Loyal
C01096,133,3,22694.18,1,2,3,6,Regular
C01097,62,4,20734.15,3,3,3,9,Loyal
C01098,60,2,13012.449999999999,3,1,2,6,Regular
C01099,16,5,23349.010000000002,4,3,3,10,Loyal
C01100,86,8,34138.42,2,4,4,10,Loyal
C01101,14,2,6322.17,4,1,1,6,Regular
C01102,193,1,6945.05,1,1,1,3,At Risk
C01103,106,5,33256.85,2,3,4,9,Loyal
C01104,10,1,504.87,4,1,1,6,Regular
C01105,12,2,14471.57,4,1,2,7,Regular
C01106,122,3,13617.41,2,2,2,6,Regular
C01107,2,5,34783.93,4,3,4,11,Champions
C01108,122,4,22263.73,2,3,3,8,Regular
C01109,77,4,9280.369999999999,2,3,1,6,Regular
C01110,75,4,20454.38,2,3,3,8,Regular
C01111,62,4,17539.43,3,3,3,9,Loyal
C01112,159,6,23292.88,1,4,3,8,Regular
C01113,88,4,14186.210000000001,2,3,2,7,Regular
C01114,102,4,19915.31,2,3,3,8,Regular
C01115,1,4,27389.05,4,3,4,11,Champions
C01116,213,2,9979.130000000001,1,1,2,4,At Risk
C01117,185,5,37665.15,1,3,4,8,Regular
C01118,174,2,7068.21,1,1,1,3,At Risk
C01119,135,3,13718.25,1,2,2,5,At Risk
C01120,67,2,4082.0,3,1,1,5,At Risk
C01121,12,4,15065.27,4,3,2,9,Loyal
C01122,137,4,12452.03,1,3,2,6,Regular
C01123,6,2,6448.69,4,1,1,6,Regular
C01124,36,3,10532.73,3,2,2,7,Regular
C01125,326,1,880.81,1,1,1,3,At Risk
C01126,31,4,32533.589999999997,3,3,4,10,Loyal
C01127,120,3,12293.400000000001,2,2,2,6,Regular
C01128,96,2,7557.620000000001,2,1,1,4,At Risk
C01129,72,1,4073.91,2,1,1,4,At Risk
C01130,9,7,25708.809999999998,4,4,4,12,Champions
C01131,63,4,17842.18,3,3,3,9,Loyal
C01132,16,5,27134.08,4,3,4,11,Champions
C01134,99,4,8968.07,2,3,1,6,Regular
C01135,38,4,26544.37,3,3,4,10,Loyal
C01136,6,3,18907.21,4,2,3,9,Loyal
C01137,99,2,8863.39,2,1,1,4,At Risk
C01138,20,5,28015.6,4,3,4,11,Champions
C01139,172,1,8515.4,1,1,1,3,At Risk
C01140,11,5,27649.73,4,3,4,11,Champions
C01141,104,4,30999.58,2,3,4,9,Loyal
C01142,258,1,10390.11,1,1,2,4,At Risk
C01143,105,4,14200.640000000001,2,3,2,7,Regular
C01144,144,3,18745.69,1,2,3,6,Regular
C01145,56,2,3006.73,3,1,1,5,At Risk
C01146,149,3,19155.02,1,2,3,6,Regular
C01147,268,1,1823.61,1,1,1,3,At Risk
C01148,18,3,19304.190000000002,4,2,3,9,Loyal
C01149,81,5,21189.22,2,3,3,8,Regular
C01150,259,1,2602.94,1,1,1,3,At Risk
C01151,60,3,3396.6499999999996,3,2,1,6,Regular
C01152,45,5,11606.61,3,3,2,8,Regular
C01153,66,3,11653.74,3,2,2,7,Regular
C01154,75,1,5847.24,2,1,1,4,At Risk
C01155,12,6,32911.65,4,4,4,12,Champions
C01156,113,4,7146.75,2,3,1,6,Regular
C01157,67,3,18968.489999999998,3,2,3,8,Regular
C01158,21,1,5714.65,4,1,1,6,Regular
C01159,39,1,7347.71,3,1,1,5,At Risk
C01160,184,3,10108.68,1,2,2,5,At Risk
C01161,109,2,8576.63,2,1,1,4,At Risk
C01162,163,2,11886.2,1,1,2,4,At Risk
C01163,222,3,27546.22,1,2,4,7,Regular
C01164,108,3,18620.32,2,2,3,7,Regular
C01165,100,4,22935.82,2,3,3,8,Regular
C01166,1,3,15909.59,4,2,2,8,Regular
C01167,183,2,6470.29,1,1,1,3,At Risk
C01168,37,4,35393.13,3,3,4,10,Loyal
C01169,183,2,10836.439999999999,1,1,2,4,At Risk
C01170,6,6,25116.18,4,4,4,12,Champions
C01171,19,5,24811.879999999997,4,3,4,11,Champions
C01172,28,3,3309.97,3,2,1,6,Regular
C01173,43,4,19236.06,3,3,3,9,Loyal
C01174,316,1,6987.68,1,1,1,3,At Risk
C01175,74,4,14858.14,2,3,2,7,Regular
C01176,173,3,8977.89,1,2,1,4,At Risk
C01177,4,3,10299.83,4,2,2,8,Regular
C01178,224,3,11971.4,1,2,2,5,At Risk
C01179,22,6,20160.079999999998,4,4,3,11,Champions
C01180,255,3,20099.92,1,2,3,6,Regular
C01181,100,6,19960.84,2,4,3,9,Loyal
C01182,1,2,13722.369999999999,4,1,2,7,Regular
C01183,6,4,20074.19,4,3,3,10,Loyal
C01184,182,2,4726.49,1,1,1,3,At Risk
C01185,160,2,9678.199999999999,1,1,2,4,At Risk
C01186,30,8,37831.6,3,4,4,11,Champions
C01188,99,4,28252.63,2,3,4,9,Loyal
C01189,231,4,18858.84,1,3,3,7,Regular
C01190,76,3,28481.47,2,2,4,8,Regular
C01191,30,3,12528.81,3,2,2,7,Regular
C01192,85,2,7711.87,2,1,1,4,At Risk
C01193,89,7,38527.44,2,4,4,10,Loyal
C01194,26,3,16319.58,4,2,3,9,Loyal
C01195,24,1,3224.03,4,1,1,6,Regular
C01196,6,8,33920.59,4,4,4,12,Champions
C01197,4,4,28928.239999999998,4,3,4,11,Champions
C01198,314,1,3207.31,1,1,1,3,At Risk
C01200,82,4,25614.02,2,3,4,9,Loyal
C01201,75,4,11333.810000000001,2,3,2,7,Regular
C01202,88,3,6641.91,2,2,1,5,At Risk
C01203,189,2,9054.55,1,1,1,3,At Risk
C01204,64,5,30028.33,3,3,4,10,Loyal
C01205,55,3,12860.43,3,2,2,7,Regular
C01206,252,3,13229.09,1,2,2,5,At Risk
C01207,25,4,22207.86,4,3,3,10,Loyal
C01208,133,4,24214.690000000002,1,3,3,7,Regular
C01209,53,6,38616.13,3,4,4,11,Champions
C01210,37,4,9020.81,3,3,1,7,Regular
C01211,160,5,21430.11,1,3,3,7,Regular
C01212,358,1,4909.36,1,1,1,3,At Risk
C01213,53,6,34681.52,3,4,4,11,Champions
C01214,101,3,13104.880000000001,2,2,2,6,Regular
C01215,94,4,17493.72,2,3,3,8,Regular
C01216,64,2,5606.68,3,1,1,5,At Risk
C01218,6,4,14551.33,4,3,2,9,Loyal
C01220,93,3,24202.07,2,2,3,7,Regular
C01221,26,4,10029.130000000001,4,3,2,9,Loyal
C01222,13,3,11180.300000000001,4,2,2,8,Regular
C01223,48,4,25143.75,3,3,4,10,Loyal
C01224,57,3,16824.25,3,2,3,8,Regular
C01225,96,2,10633.93,2,1,2,5,At Risk
C01226,44,5,22043.43,3,3,3,9,Loyal
C01227,89,2,7822.969999999999,2,1,1,4,At Risk
C01228,21,5,19509.86,4,3,3,10,Loyal
C01229,335,2,8866.45,1,1,1,3,At Risk
C01230,29,3,23098.27,3,2,3,8,Regular
C01231,38,6,43668.86,3,4,4,11,Champions
C01232,91,3,26956.559999999998,2,2,4,8,Regular
C01233,209,4,17400.65,1,3,3,7,Regular
C01234,7,2,10547.49,4,1,2,7,Regular
C01235,8,6,24033.87,4,4,3,11,Champions
C01236,98,5,29499.03,2,3,4,9,Loyal
C01237,89,4,20944.1,2,3,3,8,Regular
C01238,14,3,12354.09,4,2,2,8,Regular
C01240,194,4,12487.65,1,3,2,6,Regular
C01241,1,5,33484.77,4,3,4,11,Champions
C01242,92,5,24990.420000000002,2,3,4,9,Loyal
C01243,4,5,21801.37,4,3,3,10,Loyal
C01244,209,4,14529.119999999999,1,3,2,6,Regular
C01245,17,7,30393.489999999998,4,4,4,12,Champions
C01246,26,7,38902.61,4,4,4,12,Champions
C01247,47,2,13370.380000000001,3,1,2,6,Regular
C01248,119,3,19150.68,2,2,3,7,Regular
C01249,66,5,21034.879999999997,3,3,3,9,Loyal
C01250,55,4,27010.09,3,3,4,10,Loyal
C01251,54,7,40656.25,3,4,4,11,Champions
C01252,24,4,20154.170000000002,4,3,3,10,Loyal
C01253,269,1,4600.22,1,1,1,3,At Risk
C01254,13,2,3800.0199999999995,4,1,1,6,Regular
C01255,112,3,5840.09,2,2,1,5,At Risk
C01256,41,9,29134.44,3,4,4,11,Champions
C01257,97,3,8953.08,2,2,1,5,At Risk
C01258,7,3,15898.32,4,2,2,8,Regular
C01259,183,2,6820.0599999999995,1,1,1,3,At Risk
C01260,172,1,4512.74,1,1,1,3,At Risk
C01261,19,4,29995.61,4,3,4,11,Champions
C01262,22,3,22176.5,4,2,3,9,Loyal
C01263,10,4,9250.96,4,3,1,8,Regular
C01264,109,5,26259.53,2,3,4,9,Loyal
C01265,286,3,16019.58,1,2,2,5,At Risk
C01266,31,4,16072.83,3,3,2,8,Regular
C01267,308,1,4473.85,1,1,1,3,At Risk
C01268,228,2,10417.81,1,1,2,4,At Risk
C01269,3,6,20610.84,4,4,3,11,Champions
C01270,95,4,12576.73,2,3,2,7,Regular
C01271,23,5,22775.87,4,3,3,10,Loyal
C01272,30,2,4403.34,3,1,1,5,At Risk
C01273,126,3,6691.650000000001,2,2,1,5,At Risk
C01274,193,3,16787.5,1,2,3,6,Regular
C01275,77,6,41202.729999999996,2,4,4,10,Loyal
C01276,144,3,14834.73,1,2,2,5,At Risk
C01277,218,3,21821.61,1,2,3,6,Regular
C01278,9,5,21239.32,4,3,3,10,Loyal
C01279,174,2,9586.8,1,1,2,4,At Risk
C01280,188,1,2687.39,1,1,1,3,At Risk
C01281,56,3,11124.27,3,2,2,7,Regular
C01282,118,2,5704.16,2,1,1,4,At Risk
C01283,189,1,4742.93,1,1,1,3,At Risk
C01284,77,4,16368.9,2,3,3,8,Regular
C01285,37,5,28384.3,3,3,4,10,Loyal
C01286,119,4,22156.34,2,3,3,8,Regular
C01288,15,9,38258.33,4,4,4,12,Champions
C01289,51,2,9275.89,3,1,1,5,At Risk
C01290,78,3,13711.59,2,2,2,6,Regular
C01291,57,3,18129.59,3,2,3,8,Regular
C01292,40,2,4085.76,3,1,1,5,At Risk
C01293,13,3,6559.84,4,2,1,7,Regular
C01294,122,5,30217.43,2,3,4,9,Loyal
C01295,119,5,20641.16,2,3,3,8,Regular
C01296,5,4,8590.94,4,3,1,8,Regular
C01297,50,4,15236.400000000001,3,3,2,8,Regular
C01298,10,4,14512.66,4,3,2,9,Loyal
C01299,227,1,3124.58,1,1,1,3,At Risk
C01300,148,3,25010.079999999998,1,2,4,7,Regular
C01301,35,4,17017.36,3,3,3,9,Loyal
C01302,48,6,32275.059999999998,3,4,4,11,Champions
C01303,109,7,26250.78,2,4,4,10,Loyal
C01304,82,6,27883.9,2,4,4,10,Loyal
C01305,105,5,44529.23,2,3,4,9,Loyal
C01306,11,6,26619.510000000002,4,4,4,12,Champions
C01307,160,2,8946.68,1,1,1,3,At Risk
C01308,47,2,8160.34,3,1,1,5,At Risk
C01309,50,4,8923.75,3,3,1,7,Regular
C01310,179,1,1676.36,1,1,1,3,At Risk
C01311,33,8,28469.84,3,4,4,11,Champions
C01312,23,3,21663.399999999998,4,2,3,9,Loyal
C01313,95,5,23366.39,2,4,3,9,Loyal
C01314,46,8,30276.86,3,4,4,11,Champions
C01315,168,3,21119.55,1,2,3,6,Regular
C01316,133,2,5371.3,1,1,1,3,At Risk
C01317,30,6,22219.33,3,4,3,10,Loyal
C01318,77,7,29040.059999999998,2,4,4,10,Loyal
C01319,95,5,26142.9,2,4,4,10,Loyal
C01320,45,6,16771.1,3,4,3,10,Loyal
C01321,42,3,5511.45,3,2,1,6,Regular
C01322,175,2,11024.74,1,1,2,4,At Risk
C01323,151,3,6472.0,1,2,1,4,At Risk
C01324,14,6,44061.79,4,4,4,12,Champions
C01326,31,2,8093.75,3,1,1,5,At Risk
C01327,13,4,22286.8,4,3,3,10,Loyal
C01328,90,5,15830.77,2,4,2,8,Regular
C01329,52,6,28861.56,3,4,4,11,Champions
C01330,170,3,23495.57,1,2,3,6,Regular
C01331,193,2,11528.33,1,1,2,4,At Risk
C01332,27,6,26834.690000000002,4,4,4,12,Champions
C01333,35,2,4902.24,3,1,1,5,At Risk
C01334,143,4,15232.63,1,3,2,6,Regular
C01335,96,5,19432.74,2,4,3,9,Loyal
C01336,12,5,35397.24,4,4,4,12,Champions
C01337,91,3,12012.24,2,2,2,6,Regular
C01338,103,6,30726.76,2,4,4,10,Loyal
C01339,26,6,23204.510000000002,4,4,3,11,Champions
C01340,15,6,30212.21,4,4,4,12,Champions
C01341,147,4,25479.29,1,3,4,8,Regular
C01342,7,7,46630.490000000005,4,4,4,12,Champions
C01343,39,4,19478.94,3,3,3,9,Loyal
C01345,57,8,30478.42,3,4,4,11,Champions
C01346,215,6,15840.4,1,4,2,7,Regular
C01347,57,5,27746.42,3,4,4,11,Champions
C01348,119,3,4564.0,2,2,1,5,At Risk
C01349,5,7,29135.62,4,4,4,12,Champions
C01350,103,3,11735.5,2,2,2,6,Regular
C01352,38,7,36721.270000000004,3,4,4,11,Champions
C01353,15,8,33459.54,4,4,4,12,Champions
C01354,11,6,27542.5,4,4,4,12,Champions
C01355,133,4,26006.16,1,3,4,8,Regular
C01356,8,3,14500.84,4,2,2,8,Regular
C01357,189,3,17107.87,1,2,3,6,Regular
C01358,34,5,18373.21,3,4,3,10,Loyal
C01359,27,5,25379.68,4,4,4,12,Champions
C01360,47,5,13206.36,3,4,2,9,Loyal
C01361,66,2,10165.710000000001,3,1,2,6,Regular
C01362,51,4,11509.869999999999,3,3,2,8,Regular
C01363,88,4,35513.53,2,3,4,9,Loyal
C01364,63,5,22470.55,3,4,3,10,Loyal
C01365,3,8,44671.55,4,4,4,12,Champions
C01366,91,2,9611.460000000001,2,1,2,5,At Risk
C01367,10,4,22977.7,4,3,3,10,Loyal
C01368,204,3,5459.48,1,2,1,4,At Risk
C01369,84,3,11945.880000000001,2,2,2,6,Regular
C01370,246,3,13653.71,1,2,2,5,At Risk
C01371,256,1,6360.93,1,1,1,3,At Risk
C01372,345,1,1218.49,1,1,1,3,At Risk
C01373,8,2,7528.53,4,1,1,6,Regular
C01374,46,5,22911.97,3,4,3,10,Loyal
C01375,36,3,21180.44,3,2,3,8,Regular
C01376,63,3,16673.86,3,2,3,8,Regular
C01377,1,3,18351.81,4,2,3,9,Loyal
C01378,10,2,10371.86,4,1,2,7,Regular
C01379,16,2,3568.62,4,1,1,6,Regular
C01380,56,2,10832.220000000001,3,1,2,6,Regular
C01381,97,3,15841.18,2,2,2,6,Regular
C01382,140,3,13953.8,1,2,2,5,At Risk
C01383,43,5,19619.489999999998,3,4,3,10,Loyal
C01384,87,3,14964.18,2,2,2,6,Regular
C01385,80,2,6059.17,2,1,1,4,At Risk
C01386,33,5,25088.67,3,4,4,11,Champions
C01387,13,2,5625.31,4,1,1,6,Regular
C01388,129,4,25494.88,2,3,4,9,Loyal
C01389,197,3,4703.82,1,2,1,4,At Risk
C01390,24,6,32496.73,4,4,4,12,Champions
C01391,86,3,5449.16,2,2,1,5,At Risk
C01392,59,8,44632.4,3,4,4,11,Champions
C01393,334,1,3571.07,1,1,1,3,At Risk
C01394,145,4,28509.4,1,3,4,8,Regular
C01395,155,4,32106.76,1,3,4,8,Regular
C01396,102,2,13693.45,2,1,2,5,At Risk
C01397,148,2,4087.61,1,1,1,3,At Risk
C01398,266,4,30221.59,1,3,4,8,Regular
C01399,109,2,10133.099999999999,2,1,2,5,At Risk
C01400,75,2,6072.82,2,1,1,4,At Risk
C01401,20,3,11665.66,4,2,2,8,Regular
C01402,28,5,19349.36,3,4,3,10,Loyal
C01403,17,6,21086.23,4,4,3,11,Champions
C01404,73,2,9241.57,2,1,1,4,At Risk
C01405,12,6,21810.06,4,4,3,11,Champions
C01406,92,8,40767.880000000005,2,4,4,10,Loyal
C01407,86,5,15281.970000000001,2,4,2,8,Regular
C01408,49,6,22024.71,3,4,3,10,Loyal
C01409,3,4,17558.58,4,3,3,10,Loyal
C01410,24,4,34413.67,4,3,4,11,Champions
C01411,57,4,18242.72,3,3,3,9,Loyal
C01412,95,1,4634.04,2,1,1,4,At Risk
C01413,30,3,22506.07,3,2,3,8,Regular
C01414,87,4,20055.39,2,3,3,8,Regular
C01415,46,6,27424.8,3,4,4,11,Champions
C01416,16,6,23133.93,4,4,3,11,Champions
C01417,82,1,294.78,2,1,1,4,At Risk
C01418,63,5,24096.100000000002,3,4,3,10,Loyal
C01419,25,4,36358.72,4,3,4,11,Champions
C01420,185,4,23771.55,1,3,3,7,Regular
C01421,14,4,22877.25,4,3,3,10,Loyal
C01422,79,5,18970.92,2,4,3,9,Loyal
C01423,34,4,17570.91,3,3,3,9,Loyal
C01424,19,6,47518.06,4,4,4,12,Champions
C01425,57,3,13929.119999999999,3,2,2,7,Regular
C01426,48,6,22660.75,3,4,3,10,Loyal
C01427,76,6,32214.899999999998,2,4,4,10,Loyal
C01428,76,6,28386.84,2,4,4,10,Loyal
C01429,237,8,37363.09,1,4,4,9,Loyal
C01430,120,3,13705.33,2,2,2,6,Regular
C01431,150,3,11549.16,1,2,2,5,At Risk
C01432,3,6,51057.56,4,4,4,12,Champions
C01433,71,5,30781.58,2,4,4,10,Loyal
C01434,10,5,18424.23,4,4,3,11,Champions
C01435,6,3,15665.550000000001,4,2,2,8,Regular
C01436,55,4,18974.27,3,3,3,9,Loyal
C01437,70,4,13984.66,2,3,2,7,Regular
C01438,127,3,11552.76,2,2,2,6,Regular
C01439,91,4,22167.72,2,3,3,8,Regular
C01440,33,2,15957.220000000001,3,1,2,6,Regular
C01441,45,3,21074.21,3,2,3,8,Regular
C01442,129,3,15495.01,2,2,2,6,Regular
C01443,14,2,11105.92,4,1,2,7,Regular
C01444,8,4,13555.35,4,3,2,9,Loyal
C01445,50,5,21285.99,3,4,3,10,Loyal
C01446,45,1,2910.18,3,1,1,5,At Risk
C01447,101,6,30482.16,2,4,4,10,Loyal
C01448,130,4,25036.33,2,3,4,9,Loyal
C01449,70,5,22649.14,2,4,3,9,Loyal
C01450,122,3,20599.5,2,2,3,7,Regular
C01451,53,5,16684.920000000002,3,4,3,10,Loyal
C01452,47,1,1258.3,3,1,1,5,At Risk
C01453,173,2,11397.939999999999,1,1,2,4,At Risk
C01454,270,1,9133.49,1,1,1,3,At Risk
C01455,30,2,13429.36,3,1,2,6,Regular
C01457,286,1,8417.4,1,1,1,3,At Risk
C01458,75,3,16981.77,2,2,3,7,Regular
C01459,119,4,22219.32,2,3,3,8,Regular
C01460,14,3,6394.86,4,2,1,7,Regular
C01461,218,2,12711.61,1,1,2,4,At Risk
C01462,260,1,5246.24,1,1,1,3,At Risk
C01463,361,1,10907.75,1,1,2,4,At Risk
C01464,224,1,2503.68,1,1,1,3,At Risk
C01465,6,2,14543.65,4,1,2,7,Regular
C01466,175,3,18661.6,1,2,3,6,Regular
C01467,38,4,36348.61,3,3,4,10,Loyal
C01468,166,4,8049.24,1,3,1,5,At Risk
C01469,229,5,13867.369999999999,1,4,2,7,Regular
C01470,3,4,15362.66,4,3,2,9,Loyal
C01471,98,4,12256.4,2,3,2,7,Regular
C01472,197,3,21420.13,1,2,3,6,Regular
C01473,69,3,13038.03,3,2,2,7,Regular
C01474,23,4,25833.37,4,3,4,11,Champions
C01475,219,5,18931.53,1,4,3,8,Regular
C01476,155,2,9743.42,1,1,2,4,At Risk
C01477,34,2,15148.41,3,1,2,6,Regular
C01478,90,4,19064.18,2,3,3,8,Regular
C01479,122,2,9604.810000000001,2,1,2,5,At Risk
C01480,111,4,15170.49,2,3,2,7,Regular
C01481,83,3,15263.830000000002,2,2,2,6,Regular
C01482,111,4,19777.61,2,3,3,8,Regular
C01483,9,4,23539.78,4,3,3,10,Loyal
C01484,172,3,8313.85,1,2,1,4,At Risk
C01485,38,3,14699.119999999999,3,2,2,7,Regular
C01486,93,2,6286.5,2,1,1,4,At Risk
C01487,27,6,20671.45,3,4,3,10,Loyal
C01488,174,2,4604.55,1,1,1,3,At Risk
C01489,7,4,14713.18,4,3,2,9,Loyal
C01490,42,3,11502.26,3,2,2,7,Regular
C01491,15,5,26216.71,4,4,4,12,Champions
C01492,45,2,4174.3099999999995,3,1,1,5,At Risk
C01493,44,4,13798.76,3,3,2,8,Regular
C01494,85,8,49153.35,2,4,4,10,Loyal
C01495,233,1,3786.28,1,1,1,3,At Risk
C01496,32,4,15348.439999999999,3,3,2,8,Regular
C01497,66,2,5576.88,3,1,1,5,At Risk
C01498,54,4,24589.07,3,3,3,9,Loyal
C01499,235,2,9220.9,1,1,1,3,At Risk
C01500,216,1,8449.27,1,1,1,3,At Risk
C01501,26,3,31632.24,4,2,4,10,Loyal
C01502,74,6,30570.3,2,4,4,10,Loyal
C01503,40,6,18303.76,3,4,3,10,Loyal
C01504,63,5,24809.92,3,4,4,11,Champions
C01505,86,2,6082.02,2,1,1,4,At Risk
C01506,39,4,16313.89,3,3,3,9,Loyal
C01507,200,4,15516.14,1,3,2,6,Regular
C01508,338,1,6079.74,1,1,1,3,At Risk
C01509,135,5,23899.690000000002,1,4,3,8,Regular
C01510,5,8,26053.84,4,4,4,12,Champions
C01511,45,1,4310.6,3,1,1,5,At Risk
C01512,47,3,11753.9,3,2,2,7,Regular
C01513,29,5,29107.18,3,4,4,11,Champions
C01514,8,5,18243.89,4,4,3,11,Champions
C01515,137,2,4732.74,1,1,1,3,At Risk
C01516,120,5,28622.59,2,4,4,10,Loyal
C01517,125,5,26463.739999999998,2,4,4,10,Loyal
C01518,97,7,26616.84,2,4,4,10,Loyal
C01519,57,3,13459.08,3,2,2,7,Regular
C01520,5,10,45852.1,4,4,4,12,Champions
C01521,83,6,18712.72,2,4,3,9,Loyal
C01522,65,6,63312.119999999995,3,4,4,11,Champions
C01523,170,1,3745.47,1,1,1,3,At Risk
C01524,12,5,35042.09,4,4,4,12,Champions
C01525,153,6,26770.85,1,4,4,9,Loyal
C01526,49,3,10213.29,3,2,2,7,Regular
C01527,82,4,15948.74,2,3,2,7,Regular
C01528,112,3,17345.22,2,2,3,7,Regular
C01529,132,2,9975.5,2,1,2,5,At Risk
C01530,209,3,3501.01,1,2,1,4,At Risk
C01531,228,1,661.04,1,1,1,3,At Risk
C01532,101,2,5870.66,2,1,1,4,At Risk
C01533,131,2,8952.21,2,1,1,4,At Risk
C01534,64,4,29794.32,3,3,4,10,Loyal
C01535,40,4,27139.050000000003,3,3,4,10,Loyal
C01536,211,1,10834.07,1,1,2,4,At Risk
C01537,73,6,24052.87,2,4,3,9,Loyal
C01538,29,5,38955.08,3,4,4,11,Champions
C01539,22,4,10792.36,4,3,2,9,Loyal
C01540,227,3,19743.559999999998,1,2,3,6,Regular
C01541,70,3,12086.16,2,2,2,6,Regular
C01542,14,2,15018.380000000001,4,1,2,7,Regular
C01543,32,5,27129.29,3,4,4,11,Champions
C01544,39,5,14179.369999999999,3,4,2,9,Loyal
C01545,5,3,26052.71,4,2,4,10,Loyal
C01546,210,3,21010.29,1,2,3,6,Regular
C01547,78,3,30593.28,2,2,4,8,Regular
C01548,77,6,23319.41,2,4,3,9,Loyal
C01549,155,2,5135.74,1,1,1,3,At Risk
C01550,123,6,35175.55,2,4,4,10,Loyal
C01551,16,6,19891.04,4,4,3,11,Champions
C01552,324,1,3600.86,1,1,1,3,At Risk
C01553,45,3,14888.82,3,2,2,7,Regular
C01554,18,7,47545.81,4,4,4,12,Champions
C01555,148,2,5702.88,1,1,1,3,At Risk
C01556,12,3,13422.38,4,2,2,8,Regular
C01557,95,7,33059.8,2,4,4,10,Loyal
C01558,2,5,24908.030000000002,4,4,4,12,Champions
C01559,43,7,17437.82,3,4,3,10,Loyal
C01560,346,2,6192.4,1,1,1,3,At Risk
C01561,18,3,9331.98,4,2,1,7,Regular
C01562,33,4,16432.48,3,3,3,9,Loyal
C01563,31,6,20004.22,3,4,3,10,Loyal
C01564,67,4,13417.56,3,3,2,8,Regular
C01565,175,3,12295.369999999999,1,2,2,5,At Risk
C01566,6,7,30401.41,4,4,4,12,Champions
C01567,20,6,37750.22,4,4,4,12,Champions
C01568,183,4,9123.060000000001,1,3,1,5,At Risk
C01569,23,1,2756.52,4,1,1,6,Regular
C01570,38,6,28070.53,3,4,4,11,Champions
C01571,174,3,23117.04,1,2,3,6,Regular
C01572,20,4,20644.35,4,3,3,10,Loyal
C01573,30,2,4860.24,3,1,1,5,At Risk
C01574,67,2,7777.450000000001,3,1,1,5,At Risk
C01575,39,7,25605.03,3,4,4,11,Champions
C01576,112,6,30721.02,2,4,4,10,Loyal
C01577,92,6,41430.41,2,4,4,10,Loyal
C01578,38,2,1779.19,3,1,1,5,At Risk
C01579,106,3,8592.73,2,2,1,5,At Risk
C01580,10,6,33400.69,4,4,4,12,Champions
C01581,183,4,18015.170000000002,1,3,3,7,Regular
C01582,129,1,5699.79,2,1,1,4,At Risk
C01583,10,6,27070.31,4,4,4,12,Champions
C01584,8,8,46659.34,4,4,4,12,Champions
C01585,109,2,4161.360000000001,2,1,1,4,At Risk
C01586,71,8,34504.36,2,4,4,10,Loyal
C01587,64,2,3740.7999999999997,3,1,1,5,At Risk
C01588,30,4,17412.27,3,3,3,9,Loyal
C01589,8,6,26694.7,4,4,4,12,Champions
C01590,34,4,12264.050000000001,3,3,2,8,Regular
C01592,1,6,28596.119999999995,4,4,4,12,Champions
C01593,77,6,17773.52,2,4,3,9,Loyal
C01594,152,6,20190.940000000002,1,4,3,8,Regular
C01595,23,7,27261.83,4,4,4,12,Champions
C01596,54,2,7021.43,3,1,1,5,At Risk
C01597,131,1,4103.1,2,1,1,4,At Risk
C01598,20,9,40330.22,4,4,4,12,Champions
C01599,154,2,8458.25,1,1,1,3,At Risk
C01600,62,6,44169.65,3,4,4,11,Champions
C01601,18,5,15089.93,4,4,2,10,Loyal
C01602,70,3,7577.860000000001,2,2,1,5,At Risk
C01603,48,3,14433.25,3,2,2,7,Regular
C01604,21,3,12136.1,4,2,2,8,Regular
C01605,7,4,22271.59,4,3,3,10,Loyal
C01606,117,1,2129.6,2,1,1,4,At Risk
C01607,22,3,8011.58,4,2,1,7,Regular
C01609,175,7,42442.39,1,4,4,9,Loyal
C01610,123,4,10571.94,2,3,2,7,Regular
C01611,234,1,8570.03,1,1,1,3,At Risk
C01612,1,7,25837.63,4,4,4,12,Champions
C01613,114,5,26087.79,2,4,4,10,Loyal
C01614,4,4,6811.8099999999995,4,3,1,8,Regular
C01615,73,2,9875.57,2,1,2,5,At Risk
C01616,35,4,13411.82,3,3,2,8,Regular
C01617,11,5,35352.09,4,4,4,12,Champions
C01618,43,8,48477.14,3,4,4,11,Champions
C01619,18,5,27437.239999999998,4,4,4,12,Champions
C01620,47,2,6715.110000000001,3,1,1,5,At Risk
C01621,109,5,17516.72,2,4,3,9,Loyal
C01622,157,6,35292.89,1,4,4,9,Loyal
C01623,70,2,4431.26,2,1,1,4,At Risk
C01624,109,1,13870.73,2,1,2,5,At Risk
C01625,171,1,1222.5,1,1,1,3,At Risk
C01626,55,4,21813.260000000002,3,3,3,9,Loyal
C01627,152,4,7485.9800000000005,1,3,1,5,At Risk
C01628,162,3,16550.239999999998,1,2,3,6,Regular
C01629,146,6,26394.82,1,4,4,9,Loyal
C01630,70,4,17793.58,2,3,3,8,Regular
C01631,28,6,34741.979999999996,3,4,4,11,Champions
C01632,76,2,5007.0599999999995,2,1,1,4,At Risk
C01633,14,6,15456.960000000001,4,4,2,10,Loyal
C01634,228,3,13004.13,1,2,2,5,At Risk
C01635,195,5,13897.52,1,4,2,7,Regular
C01636,18,4,29855.51,4,3,4,11,Champions
C01637,168,4,6272.27,1,3,1,5,At Risk
C01638,40,5,29954.61,3,4,4,11,Champions
C01639,89,3,11264.33,2,2,2,6,Regular
C01640,158,2,11260.36,1,1,2,4,At Risk
C01641,9,4,21736.18,4,3,3,10,Loyal
C01642,11,7,30971.190000000002,4,4,4,12,Champions
C01644,205,1,5483.76,1,1,1,3,At Risk
C01645,105,7,30056.24,2,4,4,10,Loyal
C01646,31,4,24420.039999999997,3,3,3,9,Loyal
C01647,9,3,19870.04,4,2,3,9,Loyal
C01648,118,3,20956.66,2,2,3,7,Regular
C01649,47,5,20208.65,3,4,3,10,Loyal
C01650,134,2,14379.539999999999,1,1,2,4,At Risk
C01651,11,4,20419.489999999998,4,3,3,10,Loyal
C01652,233,4,23442.11,1,3,3,7,Regular
C01653,75,3,7832.5,2,2,1,5,At Risk
C01654,55,4,16291.5,3,3,3,9,Loyal
C01655,2,2,10866.34,4,1,2,7,Regular
C01656,59,3,16102.439999999999,3,2,2,7,Regular
C01657,1,6,34466.06,4,4,4,12,Champions
C01658,17,5,31257.5,4,4,4,12,Champions
C01659,108,4,22370.52,2,3,3,8,Regular
C01660,93,6,14824.58,2,4,2,8,Regular
C01661,48,6,26854.54,3,4,4,11,Champions
C01662,206,3,20413.65,1,2,3,6,Regular
C01663,183,4,14504.55,1,3,2,6,Regular
C01664,122,6,33199.51,2,4,4,10,Loyal
C01665,23,7,34687.07,4,4,4,12,Champions
C01666,75,5,30933.35,2,4,4,10,Loyal
C01667,24,7,26446.010000000002,4,4,4,12,Champions
C01668,65,2,6332.91,3,1,1,5,At Risk
C01669,147,2,6765.76,1,1,1,3,At Risk
C01670,193,4,21384.57,1,3,3,7,Regular
C01671,27,4,17542.75,3,3,3,9,Loyal
C01672,1,3,23987.68,4,2,3,9,Loyal
C01673,21,3,11237.289999999999,4,2,2,8,Regular
C01674,98,5,18293.67,2,4,3,9,Loyal
C01675,341,1,16577.44,1,1,3,5,At Risk
C01676,47,3,11190.529999999999,3,2,2,7,Regular
C01677,251,2,2299.25,1,1,1,3,At Risk
C01678,73,4,16313.7,2,3,3,8,Regular
C01679,92,3,6824.88,2,2,1,5,At Risk
C01680,24,4,13712.05,4,3,2,9,Loyal
C01681,11,3,10650.79,4,2,2,8,Regular
C01682,7,5,20156.67,4,4,3,11,Champions
C01683,19,3,25852.5,4,2,4,10,Loyal
C01684,125,2,7012.24,2,1,1,4,At Risk
C01685,20,4,18428.17,4,3,3,10,Loyal
C01686,163,4,25185.829999999998,1,3,4,8,Regular
C01687,92,2,5313.719999999999,2,1,1,4,At Risk
C01688,47,3,5430.0199999999995,3,2,1,6,Regular
C01689,11,6,30453.17,4,4,4,12,Champions
C01690,52,7,48790.46,3,4,4,11,Champions
C01691,220,3,16310.06,1,2,3,6,Regular
C01692,55,2,5958.2,3,1,1,5,At Risk
C01693,104,3,12763.13,2,2,2,6,Regular
C01694,61,5,15003.69,3,4,2,9,Loyal
C01695,81,3,21324.8,2,2,3,7,Regular
C01696,24,6,27235.940000000002,4,4,4,12,Champions
C01697,186,3,20958.510000000002,1,2,3,6,Regular
C01698,4,3,4205.26,4,2,1,7,Regular
C01700,5,3,9078.91,4,2,1,7,Regular
C01701,51,5,22695.75,3,4,3,10,Loyal
C01702,137,6,28078.690000000002,1,4,4,9,Loyal
C01703,1,5,38373.78,4,4,4,12,Champions
C01704,1,7,46608.18,4,4,4,12,Champions
C01705,19,2,6130.54,4,1,1,6,Regular
C01706,82,3,11168.1,2,2,2,6,Regular
C01707,92,6,21335.11,2,4,3,9,Loyal
C01709,109,2,15103.789999999999,2,1,2,5,At Risk
C01710,213,4,22753.440000000002,1,3,3,7,Regular
C01711,7,2,10797.99,4,1,2,7,Regular
C01712,133,2,7862.6,1,1,1,3,At Risk
C01713,59,4,28808.85,3,3,4,10,Loyal
C01714,59,6,30019.32,3,4,4,11,Champions
C01715,11,5,28428.23,4,4,4,12,Champions
C01716,113,5,23183.53,2,4,3,9,Loyal
C01717,72,4,32481.239999999998,2,3,4,9,Loyal
C01718,207,4,29421.22,1,3,4,8,Regular
C01719,121,2,31173.46,2,1,4,7,Regular
C01720,74,1,2802.38,2,1,1,4,At Risk
C01721,3,3,24166.47,4,2,3,9,Loyal
C01722,32,1,208.33,3,1,1,5,At Risk
C01723,9,4,25762.73,4,3,4,11,Champions
C01724,6,5,24307.24,4,4,3,11,Champions
C01725,85,6,21149.53,2,4,3,9,Loyal
C01726,99,2,3744.62,2,1,1,4,At Risk
C01727,78,2,4922.84,2,1,1,4,At Risk
C01728,24,5,15158.329999999998,4,4,2,10,Loyal
C01731,160,3,19114.48,1,2,3,6,Regular
C01732,23,2,6139.32,4,1,1,6,Regular
C01733,307,3,19500.8,1,2,3,6,Regular
C01734,78,2,14954.43,2,1,2,5,At Risk
C01735,20,5,20004.629999999997,4,4,3,11,Champions
C01736,34,2,17877.44,3,1,3,7,Regular
C01737,219,4,8841.73,1,3,1,5,At Risk
C01738,18,5,24021.989999999998,4,4,3,11,Champions
C01739,87,5,22121.66,2,4,3,9,Loyal
C01740,101,3,3481.83,2,2,1,5,At Risk
C01741,346,2,7519.4800000000005,1,1,1,3,At Risk
C01742,153,4,41247.76,1,3,4,8,Regular
C01743,64,4,17580.02,3,3,3,9,Loyal
C01744,6,4,26711.57,4,3,4,11,Champions
C01745,105,4,10747.05,2,3,2,7,Regular
C01746,295,2,9807.31,1,1,2,4,At Risk
C01747,138,3,16286.019999999999,1,2,3,6,Regular
C01748,49,6,24013.190000000002,3,4,3,10,Loyal
C01749,50,4,23291.11,3,3,3,9,Loyal
C01751,55,3,8474.029999999999,3,2,1,6,Regular
C01753,14,8,29526.82,4,4,4,12,Champions
C01754,37,5,8102.81,3,4,1,8,Regular
C01755,278,1,1450.2,1,1,1,3,At Risk
C01756,45,5,29707.809999999998,3,4,4,11,Champions
C01757,281,1,1128.77,1,1,1,3,At Risk
C01758,6,2,10380.66,4,1,2,7,Regular
C01759,43,3,8770.18,3,2,1,6,Regular
C01760,46,4,16904.98,3,3,3,9,Loyal
C01761,326,1,7982.64,1,1,1,3,At Risk
C01762,74,4,24817.0,2,3,4,9,Loyal
C01763,61,8,29056.9,3,4,4,11,Champions
C01764,148,1,2212.04,1,1,1,3,At Risk
C01765,14,5,23280.74,4,4,3,11,Champions
C01766,29,5,21763.73,3,4,3,10,Loyal
C01767,136,5,19104.57,1,4,3,8,Regular
C01768,87,4,24989.370000000003,2,3,4,9,Loyal
C01769,21,7,22037.42,4,4,3,11,Champions
C01770,194,4,20567.98,1,3,3,7,Regular
C01771,78,3,16959.510000000002,2,2,3,7,Regular
C01772,86,2,7137.77,2,1,1,4,At Risk
C01773,104,4,52424.37,2,3,4,9,Loyal
C01774,94,5,17034.85,2,4,3,9,Loyal
C01775,119,3,8912.76,2,2,1,5,At Risk
C01776,329,1,1895.33,1,1,1,3,At Risk
C01777,58,5,34218.26,3,4,4,11,Champions
C01778,143,2,5390.6900000000005,1,1,1,3,At Risk
C01779,165,1,1157.38,1,1,1,3,At Risk
C01780,179,1,14562.47,1,1,2,4,At Risk
C01781,88,6,20213.41,2,4,3,9,Loyal
C01782,111,4,14442.28,2,3,2,7,Regular
C01783,143,5,31640.030000000002,1,4,4,9,Loyal
C01784,6,4,11586.939999999999,4,3,2,9,Loyal
C01785,89,3,20986.68,2,2,3,7,Regular
C01786,15,5,11355.35,4,4,2,10,Loyal
C01787,76,3,9545.2,2,2,1,5,At Risk
C01788,67,5,30071.809999999998,3,4,4,11,Champions
C01789,283,3,19515.56,1,2,3,6,Regular
C01790,178,2,8799.1,1,1,1,3,At Risk
C01791,34,4,19505.27,3,3,3,9,Loyal
C01792,11,3,6214.650000000001,4,2,1,7,Regular
C01793,15,6,18177.22,4,4,3,11,Champions
C01794,36,5,28130.78,3,4,4,11,Champions
C01795,21,4,18414.9,4,3,3,10,Loyal
C01796,72,3,29944.649999999998,2,2,4,8,Regular
C01797,84,3,7355.9800000000005,2,2,1,5,At Risk
C01798,232,1,4442.28,1,1,1,3,At Risk
C01799,78,4,16133.34,2,3,2,7,Regular
C01800,9,3,9718.07,4,2,2,8,Regular
C01801,298,1,14816.73,1,1,2,4,At Risk
C01802,230,1,2324.86,1,1,1,3,At Risk
C01803,57,4,29692.93,3,3,4,10,Loyal
C01804,42,1,3298.39,3,1,1,5,At Risk
C01805,18,5,18059.100000000002,4,4,3,11,Champions
C01806,127,3,16289.369999999999,2,2,3,7,Regular
C01807,60,5,17858.91,3,4,3,10,Loyal
C01808,24,5,34451.479999999996,4,4,4,12,Champions
C01809,137,3,26657.739999999998,1,2,4,7,Regular
C01810,23,2,7104.7,4,1,1,6,Regular
C01811,62,4,23329.71,3,3,3,9,Loyal
C01812,23,3,10561.96,4,2,2,8,Regular
C01813,10,6,22273.690000000002,4,4,3,11,Champions
C01814,307,1,12372.24,1,1,2,4,At Risk
C01815,17,4,35344.630000000005,4,3,4,11,Champions
C01816,82,3,15871.730000000001,2,2,2,6,Regular
C01817,261,1,6008.16,1,1,1,3,At Risk
C01818,184,2,15280.16,1,1,2,4,At Risk
C01819,18,7,25115.82,4,4,4,12,Champions
C01820,17,5,43584.41,4,4,4,12,Champions
C01821,23,1,2352.71,4,1,1,6,Regular
C01822,170,3,19711.870000000003,1,2,3,6,Regular
C01823,76,4,14147.41,2,3,2,7,Regular
C01824,119,5,43039.34,2,4,4,10,Loyal
C01825,132,5,16795.75,1,4,3,8,Regular
C01826,12,5,17079.510000000002,4,4,3,11,Champions
C01827,17,4,13513.11,4,3,2,9,Loyal
C01828,104,1,5046.25,2,1,1,4,At Risk
C01829,43,3,10768.5,3,2,2,7,Regular
C01830,57,2,2277.84,3,1,1,5,At Risk
C01831,100,5,34541.69,2,4,4,10,Loyal
C01832,136,5,20783.64,1,4,3,8,Regular
C01833,13,5,43114.14,4,4,4,12,Champions
C01834,156,3,9941.93,1,2,2,5,At Risk
C01835,64,5,29451.27,3,4,4,11,Champions
C01836,1,4,15226.82,4,3,2,9,Loyal
C01837,129,4,19189.23,2,3,3,8,Regular
C01838,25,10,63661.25,4,4,4,12,Champions
C01839,65,2,13089.11,3,1,2,6,Regular
C01840,68,2,15442.869999999999,3,1,2,6,Regular
C01841,5,5,24171.0,4,4,3,11,Champions
C01842,22,5,14450.24,4,4,2,10,Loyal
C01843,144,4,10411.23,1,3,2,6,Regular
C01844,60,8,37147.159999999996,3,4,4,11,Champions
C01845,35,3,11302.68,3,2,2,7,Regular
C01846,34,6,37676.43,3,4,4,11,Champions
C01847,30,5,27099.5,3,4,4,11,Champions
C01848,236,1,2668.32,1,1,1,3,At Risk
C01849,45,6,32464.579999999998,3,4,4,11,Champions
C01850,99,4,24823.59,2,3,4,9,Loyal
C01851,212,3,10713.35,1,2,2,5,At Risk
C01852,61,4,17349.6,3,3,3,9,Loyal
C01853,35,6,28182.29,3,4,4,11,Champions
C01854,22,7,31928.190000000002,4,4,4,12,Champions
C01855,303,1,7228.22,1,1,1,3,At Risk
C01856,85,4,15481.39,2,3,2,7,Regular
C01857,38,4,24401.03,3,3,3,9,Loyal
C01858,38,3,11192.96,3,2,2,7,Regular
C01859,143,1,2834.95,1,1,1,3,At Risk
C01860,56,7,44596.17,3,4,4,11,Champions
C01861,64,7,29238.68,3,4,4,11,Champions
C01862,119,2,12280.86,2,1,2,5,At Risk
C01863,55,5,19275.59,3,4,3,10,Loyal
C01864,218,1,6269.31,1,1,1,3,At Risk
C01865,149,3,9756.76,1,2,2,5,At Risk
C01866,11,9,39351.32,4,4,4,12,Champions
C01868,37,1,5441.25,3,1,1,5,At Risk
C01869,116,6,43375.229999999996,2,4,4,10,Loyal
C01870,173,3,23134.36,1,2,3,6,Regular
C01871,38,7,53550.1,3,4,4,11,Champions
C01873,222,1,1189.05,1,1,1,3,At Risk
C01874,177,2,13304.0,1,1,2,4,At Risk
C01875,89,4,16186.97,2,3,2,7,Regular
C01877,97,3,15336.19,2,2,2,6,Regular
C01878,26,4,20790.309999999998,4,3,3,10,Loyal
C01879,8,7,26900.42,4,4,4,12,Champions
C01880,15,6,23236.67,4,4,3,11,Champions
C01881,150,7,20384.82,1,4,3,8,Regular
C01882,53,4,27848.51,3,3,4,10,Loyal
C01883,250,2,15698.04,1,1,2,4,At Risk
C01884,33,4,18388.350000000002,3,3,3,9,Loyal
C01886,140,1,5926.73,1,1,1,3,At Risk
C01887,14,5,16833.829999999998,4,4,3,11,Champions
C01888,6,3,10023.060000000001,4,2,2,8,Regular
C01889,85,2,7611.65,2,1,1,4,At Risk
C01890,78,1,4037.66,2,1,1,4,At Risk
C01891,115,4,18104.25,2,3,3,8,Regular
C01892,330,2,3047.04,1,1,1,3,At Risk
C01893,272,2,13463.509999999998,1,1,2,4,At Risk
C01894,38,4,19339.39,3,3,3,9,Loyal
C01895,14,4,20529.5,4,3,3,10,Loyal
C01896,228,2,9487.2,1,1,1,3,At Risk
C01897,41,4,38216.04,3,3,4,10,Loyal
C01898,39,6,24349.12,3,4,3,10,Loyal
C01899,95,3,7191.959999999999,2,2,1,5,At Risk
C01900,322,2,7808.25,1,1,1,3,At Risk
C01901,24,4,13884.04,4,3,2,9,Loyal
C01902,170,3,14455.240000000002,1,2,2,5,At Risk
C01903,64,3,16978.66,3,2,3,8,Regular
C01904,264,4,18237.02,1,3,3,7,Regular
C01905,38,4,18822.67,3,3,3,9,Loyal
C01906,105,3,5069.91,2,2,1,5,At Risk
C01907,2,7,38449.78,4,4,4,12,Champions
C01908,338,2,11910.15,1,1,2,4,At Risk
C01909,269,1,1834.82,1,1,1,3,At Risk
C01910,105,2,8895.0,2,1,1,4,At Risk
C01911,207,3,13545.29,1,2,2,5,At Risk
C01912,87,6,23446.4,2,4,3,9,Loyal
C01913,21,3,23951.52,4,2,3,9,Loyal
C01914,16,2,3108.97,4,1,1,6,Regular
C01915,15,8,35938.89,4,4,4,12,Champions
C01916,34,1,4698.24,3,1,1,5,At Risk
C01917,91,4,32249.21,2,3,4,9,Loyal
C01918,4,4,19683.22,4,3,3,10,Loyal
C01919,22,4,29552.38,4,3,4,11,Champions
C01920,79,3,7439.12,2,2,1,5,At Risk
C01921,19,2,6179.04,4,1,1,6,Regular
C01922,53,7,26302.24,3,4,4,11,Champions
C01923,99,4,23935.620000000003,2,3,3,8,Regular
C01924,123,2,2532.8,2,1,1,4,At Risk
C01925,29,5,32016.34,3,4,4,11,Champions
C01926,236,1,2123.98,1,1,1,3,At Risk
C01927,42,4,14719.46,3,3,2,8,Regular
C01928,2,5,12737.04,4,4,2,10,Loyal
C01929,19,4,33811.15,4,3,4,11,Champions
C01930,136,2,3781.44,1,1,1,3,At Risk
C01931,120,3,3469.02,2,2,1,5,At Risk
C01932,74,5,24625.56,2,4,3,9,Loyal
C01933,43,4,12201.55,3,3,2,8,Regular
C01934,64,4,23897.19,3,3,3,9,Loyal
C01935,21,2,16227.03,4,1,3,8,Regular
C01936,63,1,7317.11,3,1,1,5,At Risk
C01937,115,2,7245.9,2,1,1,4,At Risk
C01938,37,7,23997.53,3,4,3,10,Loyal
C01939,60,6,24751.09,3,4,4,11,Champions
C01940,93,2,5841.76,2,1,1,4,At Risk
C01941,89,3,14364.07,2,2,2,6,Regular
C01942,34,2,15554.84,3,1,2,6,Regular
C01943,67,4,19343.83,3,3,3,9,Loyal
C01944,85,4,13090.39,2,3,2,7,Regular
C01945,80,3,6030.34,2,2,1,5,At Risk
C01946,4,5,24935.15,4,4,4,12,Champions
C01947,278,2,14843.57,1,1,2,4,At Risk
C01948,162,4,12629.710000000001,1,3,2,6,Regular
C01949,205,3,8586.99,1,2,1,4,At Risk
C01950,129,4,21291.59,2,3,3,8,Regular
C01951,89,3,15278.36,2,2,2,6,Regular
C01952,51,2,2996.2699999999995,3,1,1,5,At Risk
C01953,1,9,45472.72,4,4,4,12,Champions
C01954,245,1,8435.8,1,1,1,3,At Risk
C01955,18,3,12174.84,4,2,2,8,Regular
C01956,28,8,32335.43,3,4,4,11,Champions
C01957,80,5,52803.81,2,4,4,10,Loyal
C01958,47,5,34932.17,3,4,4,11,Champions
C01959,55,4,27662.600000000002,3,3,4,10,Loyal
C01960,18,5,16079.92,4,4,2,10,Loyal
C01961,77,7,22506.21,2,4,3,9,Loyal
C01962,126,5,16584.39,2,4,3,9,Loyal
C01963,272,2,2908.19,1,1,1,3,At Risk
C01964,281,3,8038.88,1,2,1,4,At Risk
C01965,70,3,9017.38,2,2,1,5,At Risk
C01966,60,3,20124.41,3,2,3,8,Regular
C01967,189,5,29867.96,1,4,4,9,Loyal
C01968,8,4,13724.6,4,3,2,9,Loyal
C01969,21,5,40860.31,4,4,4,12,Champions
C01970,192,4,21053.72,1,3,3,7,Regular
C01971,312,2,5041.639999999999,1,1,1,3,At Risk
C01972,68,5,24547.87,3,4,3,10,Loyal
C01973,22,4,11004.76,4,3,2,9,Loyal
C01974,48,4,14303.150000000001,3,3,2,8,Regular
C01975,3,4,15011.09,4,3,2,9,Loyal
C01976,85,6,20174.29,2,4,3,9,Loyal
C01977,83,5,33675.34,2,4,4,10,Loyal
C01978,117,5,27852.489999999998,2,4,4,10,Loyal
C01979,162,4,13312.01,1,3,2,6,Regular
C01980,43,3,17421.3,3,2,3,8,Regular
C01981,19,3,17439.6,4,2,3,9,Loyal
C01982,11,6,14568.07,4,4,2,10,Loyal
C01983,44,2,7581.5,3,1,1,5,At Risk
C01984,84,2,3169.77,2,1,1,4,At Risk
C01985,214,2,7425.19,1,1,1,3,At Risk
C01986,142,3,7867.57,1,2,1,4,At Risk
C01987,109,4,37150.58,2,3,4,9,Loyal
C01988,357,1,7297.44,1,1,1,3,At Risk
C01989,47,7,34735.770000000004,3,4,4,11,Champions
C01990,171,3,10962.470000000001,1,2,2,5,At Risk
C01991,128,4,13670.289999999999,2,3,2,7,Regular
C01992,47,2,5582.219999999999,3,1,1,5,At Risk
C01993,295,2,10817.0,1,1,2,4,At Risk
C01994,19,4,16541.69,4,3,3,10,Loyal
C01995,283,2,10149.17,1,1,2,4,At Risk
C01996,163,5,31250.9,1,4,4,9,Loyal
C01998,42,6,28089.2,3,4,4,11,Champions
C01999,93,5,22115.4,2,4,3,9,Loyal
C02001,70,4,16323.94,2,3,3,8,Regular
C02002,300,1,5399.06,1,1,1,3,At Risk
C02003,208,4,25270.88,1,3,4,8,Regular
C02004,8,3,15143.01,4,2,2,8,Regular
C02005,70,5,11931.76,2,4,2,8,Regular
C02006,79,7,32036.5,2,4,4,10,Loyal
C02007,78,3,20315.23,2,2,3,7,Regular
C02008,27,3,7096.57,3,2,1,6,Regular
C02009,63,2,8643.1,3,1,1,5,At Risk
C02010,210,1,1444.56,1,1,1,3,At Risk
C02011,28,3,12844.03,3,2,2,7,Regular
C02012,103,1,4057.27,2,1,1,4,At Risk
C02013,6,5,19894.12,4,4,3,11,Champions
C02014,290,1,4818.72,1,1,1,3,At Risk
C02015,121,6,20499.97,2,4,3,9,Loyal
C02016,85,6,38537.700000000004,2,4,4,10,Loyal
C02017,134,8,34913.93,1,4,4,9,Loyal
C02018,2,3,19031.47,4,2,3,9,Loyal
C02019,107,2,7315.0599999999995,2,1,1,4,At Risk
C02020,107,3,21212.93,2,2,3,7,Regular
C02021,217,4,13371.599999999999,1,3,2,6,Regular
C02022,35,2,15592.04,3,1,2,6,Regular
C02023,21,3,25974.23,4,2,4,10,Loyal
C02024,53,3,23471.88,3,2,3,8,Regular
C02025,149,8,44145.59,1,4,4,9,Loyal
C02026,41,3,13317.1,3,2,2,7,Regular
C02027,6,3,30038.809999999998,4,2,4,10,Loyal
C02028,302,3,15356.18,1,2,2,5,At Risk
C02029,99,2,8200.17,2,1,1,4,At Risk
C02030,131,4,18989.14,2,3,3,8,Regular
C02031,164,2,14011.86,1,1,2,4,At Risk
C02032,1,2,7785.42,4,1,1,6,Regular
C02033,10,4,17540.39,4,3,3,10,Loyal
C02034,19,6,24687.09,4,4,3,11,Champions
C02035,36,5,17229.34,3,4,3,10,Loyal
C02036,78,4,25316.0,2,3,4,9,Loyal
C02037,112,3,20643.72,2,2,3,7,Regular
C02038,43,9,31233.54,3,4,4,11,Champions
C02039,61,4,17320.57,3,3,3,9,Loyal
C02041,56,4,32360.489999999998,3,3,4,10,Loyal
C02042,1,6,34060.23,4,4,4,12,Champions
C02043,14,5,21629.04,4,4,3,11,Champions
C02044,41,4,20066.760000000002,3,3,3,9,Loyal
C02045,100,4,20452.51,2,3,3,8,Regular
C02046,29,6,26412.49,3,4,4,11,Champions
C02047,81,3,5719.1,2,2,1,5,At Risk
C02048,70,6,20183.059999999998,2,4,3,9,Loyal
C02049,183,2,10426.34,1,1,2,4,At Risk
C02050,82,4,8378.970000000001,2,3,1,6,Regular
C02051,6,2,10442.48,4,1,2,7,Regular
C02052,27,3,8588.34,3,2,1,6,Regular
C02053,77,3,10557.95,2,2,2,6,Regular
C02054,111,7,23574.39,2,4,3,9,Loyal
C02055,64,1,2352.26,3,1,1,5,At Risk
C02056,7,6,43944.24,4,4,4,12,Champions
C02057,20,3,14928.16,4,2,2,8,Regular
C02058,108,4,13155.029999999999,2,3,2,7,Regular
C02059,56,6,35778.8,3,4,4,11,Champions
C02060,61,3,13104.01,3,2,2,7,Regular
C02061,141,3,12327.73,1,2,2,5,At Risk
C02062,86,4,14005.029999999999,2,3,2,7,Regular
C02063,33,4,24745.95,3,3,4,10,Loyal
C02064,272,2,22845.0,1,1,3,5,At Risk
C02065,2,3,4488.46,4,2,1,7,Regular
C02066,287,1,2054.4,1,1,1,3,At Risk
C02067,215,3,5812.5599999999995,1,2,1,4,At Risk
C02068,200,3,6755.610000000001,1,2,1,4,At Risk
C02069,19,3,29669.72,4,2,4,10,Loyal
C02070,40,2,5066.61,3,1,1,5,At Risk
C02071,265,3,19865.97,1,2,3,6,Regular
C02072,155,4,13311.46,1,3,2,6,Regular
C02073,43,5,8608.53,3,4,1,8,Regular
C02074,195,2,16765.46,1,1,3,5,At Risk
C02075,35,2,13304.009999999998,3,1,2,6,Regular
C02076,22,8,31047.52,4,4,4,12,Champions
C02077,321,1,4666.69,1,1,1,3,At Risk
C02078,60,1,5675.0,3,1,1,5,At Risk
C02079,20,5,25389.29,4,4,4,12,Champions
C02080,127,2,4278.91,2,1,1,4,At Risk
C02081,151,3,12476.72,1,2,2,5,At Risk
C02082,45,2,9275.64,3,1,1,5,At Risk
C02083,37,4,30509.940000000002,3,3,4,10,Loyal
C02084,206,2,4527.59,1,1,1,3,At Risk
C02085,68,3,20616.309999999998,3,2,3,8,Regular
C02086,55,2,4841.98,3,1,1,5,At Risk
C02087,115,2,14045.25,2,1,2,5,At Risk
C02088,67,2,10854.64,3,1,2,6,Regular
C02089,126,4,32326.379999999997,2,3,4,9,Loyal
C02090,71,2,14481.93,2,1,2,5,At Risk
C02091,295,2,19217.92,1,1,3,5,At Risk
C02092,87,3,30299.5,2,2,4,8,Regular
C02093,48,3,8530.92,3,2,1,6,Regular
C02094,155,2,10280.939999999999,1,1,2,4,At Risk
C02095,9,7,26061.34,4,4,4,12,Champions
C02096,57,3,16621.23,3,2,3,8,Regular
C02097,105,2,5932.1,2,1,1,4,At Risk
C02098,117,3,18668.19,2,2,3,7,Regular
C02099,114,6,46503.98,2,4,4,10,Loyal
C02100,92,7,22592.65,2,4,3,9,Loyal
C02101,6,2,21040.269999999997,4,1,3,8,Regular
C02102,177,1,3289.61,1,1,1,3,At Risk
C02103,121,4,29590.04,2,3,4,9,Loyal
C02104,227,2,4005.46,1,1,1,3,At Risk
C02105,20,4,13563.32,4,3,2,9,Loyal
C02106,242,1,5451.07,1,1,1,3,At Risk
C02107,5,5,28362.31,4,4,4,12,Champions
C02109,242,1,4718.37,1,1,1,3,At Risk
C02110,145,3,5307.92,1,2,1,4,At Risk
C02111,189,2,13168.67,1,1,2,4,At Risk
C02112,58,5,31639.22,3,4,4,11,Champions
C02113,64,5,45070.3,3,4,4,11,Champions
C02114,86,5,34144.6,2,4,4,10,Loyal
C02115,157,2,4329.9800000000005,1,1,1,3,At Risk
C02116,31,7,27334.829999999998,3,4,4,11,Champions
C02117,3,3,8744.25,4,2,1,7,Regular
C02118,165,1,3439.1,1,1,1,3,At Risk
C02119,111,6,30019.170000000002,2,4,4,10,Loyal
C02120,43,2,3637.29,3,1,1,5,At Risk
C02121,79,3,26507.59,2,2,4,8,Regular
C02122,43,5,22082.410000000003,3,4,3,10,Loyal
C02123,358,1,2092.78,1,1,1,3,At Risk
C02124,29,4,27758.48,3,3,4,10,Loyal
C02125,19,3,12324.39,4,2,2,8,Regular
C02126,139,1,2150.14,1,1,1,3,At Risk
C02127,53,5,28772.699999999997,3,4,4,11,Champions
C02128,68,4,10824.07,3,3,2,8,Regular
C02129,28,8,27119.579999999998,3,4,4,11,Champions
C02130,139,2,3087.99,1,1,1,3,At Risk
C02131,30,6,17051.079999999998,3,4,3,10,Loyal
C02132,7,4,17426.53,4,3,3,10,Loyal
C02133,175,4,20233.94,1,3,3,7,Regular
C02134,119,4,15328.58,2,3,2,7,Regular
C02135,106,4,7625.17,2,3,1,6,Regular
C02136,51,4,13150.630000000001,3,3,2,8,Regular
C02137,27,3,14012.2,3,2,2,7,Regular
C02138,57,5,30402.03,3,4,4,11,Champions
C02139,28,3,15228.55,3,2,2,7,Regular
C02140,58,6,29119.46,3,4,4,11,Champions
C02141,218,4,17029.54,1,3,3,7,Regular
C02142,20,2,4245.31,4,1,1,6,Regular
C02143,54,2,19162.4,3,1,3,7,Regular
C02144,5,6,21888.3,4,4,3,11,Champions
C02145,154,2,7036.67,1,1,1,3,At Risk
C02146,242,2,10922.83,1,1,2,4,At Risk
C02147,79,2,3817.52,2,1,1,4,At Risk
C02148,132,2,6011.52,1,1,1,3,At Risk
C02149,102,4,15222.720000000001,2,3,2,7,Regular
C02150,1,4,23802.63,4,3,3,10,Loyal
C02151,50,4,25046.76,3,3,4,10,Loyal
C02152,55,5,19642.98,3,4,3,10,Loyal
C02153,7,6,27923.21,4,4,4,12,Champions
C02154,80,3,13773.130000000001,2,2,2,6,Regular
C02155,21,6,36100.76,4,4,4,12,Champions
C02156,356,1,8218.53,1,1,1,3,At Risk
C02157,361,1,2220.12,1,1,1,3,At Risk
C02158,193,2,12343.65,1,1,2,4,At Risk
C02159,154,5,23064.34,1,4,3,8,Regular
C02160,106,5,32449.769999999997,2,4,4,10,Loyal
C02161,172,3,9212.17,1,2,1,4,At Risk
C02162,49,1,2561.12,3,1,1,5,At Risk
C02163,79,2,11962.34,2,1,2,5,At Risk
C02164,101,4,14495.18,2,3,2,7,Regular
C02165,107,6,25586.91,2,4,4,10,Loyal
C02166,80,4,23218.07,2,3,3,8,Regular
C02167,199,2,8617.72,1,1,1,3,At Risk
C02168,64,3,14751.66,3,2,2,7,Regular
C02169,164,3,16019.89,1,2,2,5,At Risk
C02170,34,4,8231.98,3,3,1,7,Regular
C02171,97,4,31418.08,2,3,4,9,Loyal
C02172,62,4,30096.5,3,3,4,10,Loyal
C02173,14,2,3935.16,4,1,1,6,Regular
C02174,1,2,20605.85,4,1,3,8,Regular
C02175,138,3,11619.15,1,2,2,5,At Risk
C02176,163,3,17831.25,1,2,3,6,Regular
C02177,20,2,13301.42,4,1,2,7,Regular
C02178,15,7,39408.88,4,4,4,12,Champions
C02179,31,4,27712.98,3,3,4,10,Loyal
C02181,46,3,11398.6,3,2,2,7,Regular
C02182,9,6,22203.87,4,4,3,11,Champions
C02183,24,3,14758.65,4,2,2,8,Regular
C02184,20,3,11937.19,4,2,2,8,Regular
C02185,68,1,3948.73,3,1,1,5,At Risk
C02186,6,6,28708.23,4,4,4,12,Champions
C02187,36,4,27317.83,3,3,4,10,Loyal
C02188,317,1,2874.44,1,1,1,3,At Risk
C02189,100,6,20922.760000000002,2,4,3,9,Loyal
C02190,47,8,46962.12,3,4,4,11,Champions
C02191,26,4,19558.19,4,3,3,10,Loyal
C02192,110,7,20150.03,2,4,3,9,Loyal
C02193,133,2,7002.450000000001,1,1,1,3,At Risk
C02194,35,4,18886.4,3,3,3,9,Loyal
C02195,53,4,26772.14,3,3,4,10,Loyal
C02196,178,2,2535.65,1,1,1,3,At Risk
C02197,61,2,8785.470000000001,3,1,1,5,At Risk
C02198,47,4,23441.46,3,3,3,9,Loyal
C02200,174,5,15622.82,1,4,2,7,Regular
C02201,19,8,35179.520000000004,4,4,4,12,Champions
C02202,320,3,3344.94,1,2,1,4,At Risk
C02203,36,4,30793.64,3,3,4,10,Loyal
C02204,60,2,4178.6900000000005,3,1,1,5,At Risk
C02205,99,9,42436.130000000005,2,4,4,10,Loyal
C02206,10,3,15232.71,4,2,2,8,Regular
C02208,29,4,11809.39,3,3,2,8,Regular
C02209,256,4,25183.010000000002,1,3,4,8,Regular
C02210,13,4,29788.82,4,3,4,11,Champions
C02211,32,3,11127.24,3,2,2,7,Regular
C02212,56,3,16455.48,3,2,3,8,Regular
C02213,5,7,37861.62,4,4,4,12,Champions
C02214,22,4,9476.63,4,3,1,8,Regular
C02215,199,4,11277.8,1,3,2,6,Regular
C02216,137,3,13615.18,1,2,2,5,At Risk
C02217,24,3,4609.43,4,2,1,7,Regular
C02218,24,7,28979.65,4,4,4,12,Champions
C02219,357,1,4847.71,1,1,1,3,At Risk
C02220,110,7,39131.5,2,4,4,10,Loyal
C02221,116,2,10489.210000000001,2,1,2,5,At Risk
C02222,95,2,3743.7799999999997,2,1,1,4,At Risk
C02223,28,1,4870.11,3,1,1,5,At Risk
C02224,157,2,13241.01,1,1,2,4,At Risk
C02225,40,5,42131.630000000005,3,4,4,11,Champions
C02226,23,5,27133.4,4,4,4,12,Champions
C02227,3,3,36482.87,4,2,4,10,Loyal
C02228,16,5,27073.03,4,4,4,12,Champions
C02229,109,3,17898.18,2,2,3,7,Regular
C02230,34,4,32948.88,3,3,4,10,Loyal
C02231,81,5,15459.300000000001,2,4,2,8,Regular
C02232,11,4,20062.66,4,3,3,10,Loyal
C02234,31,5,22682.91,3,4,3,10,Loyal
C02235,2,6,32794.83,4,4,4,12,Champions
C02236,54,3,8826.630000000001,3,2,1,6,Regular
C02237,9,5,23119.93,4,4,3,11,Champions
C02238,40,9,36152.89,3,4,4,11,Champions
C02239,30,9,46572.75,3,4,4,11,Champions
C02240,180,2,5682.24,1,1,1,3,At Risk
C02241,3,9,36243.33,4,4,4,12,Champions
C02242,50,6,25050.479999999996,3,4,4,11,Champions
C02243,24,3,21041.329999999998,4,2,3,9,Loyal
C02244,65,4,12044.45,3,3,2,8,Regular
C02245,143,2,3283.6499999999996,1,1,1,3,At Risk
C02246,39,2,13110.85,3,1,2,6,Regular
C02247,15,6,16058.119999999999,4,4,2,10,Loyal
C02248,107,2,17233.57,2,1,3,6,Regular
C02249,179,4,16522.649999999998,1,3,3,7,Regular
C02250,215,3,10692.42,1,2,2,5,At Risk
C02251,87,2,10851.25,2,1,2,5,At Risk
C02252,29,3,14745.48,3,2,2,7,Regular
C02253,47,6,22160.94,3,4,3,10,Loyal
C02254,9,9,30073.21,4,4,4,12,Champions
C02255,25,4,14594.21,4,3,2,9,Loyal
C02256,135,5,11442.44,1,4,2,7,Regular
C02257,128,3,16761.72,2,2,3,7,Regular
C02258,54,1,2636.44,3,1,1,5,At Risk
C02259,18,2,2157.39,4,1,1,6,Regular
C02260,148,9,35541.06,1,4,4,9,Loyal
C02261,5,6,17261.5,4,4,3,11,Champions
C02262,92,3,3344.01,2,2,1,5,At Risk
C02263,119,2,4947.77,2,1,1,4,At Risk
C02264,10,7,47127.68,4,4,4,12,Champions
C02265,58,2,19821.089999999997,3,1,3,7,Regular
C02266,102,4,22914.42,2,3,3,8,Regular
C02267,25,2,3865.9700000000003,4,1,1,6,Regular
C02268,113,6,27652.0,2,4,4,10,Loyal
C02269,189,6,26101.81,1,4,4,9,Loyal
C02270,36,7,31116.54,3,4,4,11,Champions
C02271,22,4,17098.77,4,3,3,10,Loyal
C02273,149,2,8750.84,1,1,1,3,At Risk
C02274,178,3,13932.649999999998,1,2,2,5,At Risk
C02275,8,9,45619.85,4,4,4,12,Champions
C02276,38,6,21947.16,3,4,3,10,Loyal
C02277,113,2,12607.91,2,1,2,5,At Risk
C02278,163,1,5604.6,1,1,1,3,At Risk
C02279,33,4,20911.77,3,3,3,9,Loyal
C02280,4,7,30608.379999999997,4,4,4,12,Champions
C02281,23,5,15359.33,4,4,2,10,Loyal
C02282,45,4,25348.84,3,3,4,10,Loyal
C02283,43,4,17507.57,3,3,3,9,Loyal
C02284,35,3,14716.59,3,2,2,7,Regular
C02285,300,2,6402.41,1,1,1,3,At Risk
C02286,292,3,14395.27,1,2,2,5,At Risk
C02287,5,7,26682.09,4,4,4,12,Champions
C02288,44,4,19638.55,3,3,3,9,Loyal
C02289,27,5,15058.7,3,4,2,9,Loyal
C02290,5,10,62330.549999999996,4,4,4,12,Champions
C02291,54,4,14525.939999999999,3,3,2,8,Regular
C02292,60,4,26583.489999999998,3,3,4,10,Loyal
C02293,32,4,18517.98,3,3,3,9,Loyal
C02294,90,1,8721.26,2,1,1,4,At Risk
C02295,85,8,23012.24,2,4,3,9,Loyal
C02296,105,4,15037.91,2,3,2,7,Regular
C02297,278,3,28902.22,1,2,4,7,Regular
C02298,5,4,20963.059999999998,4,3,3,10,Loyal
C02299,167,3,14219.109999999999,1,2,2,5,At Risk
C02300,159,2,23783.440000000002,1,1,3,5,At Risk
C02301,45,5,10379.25,3,4,2,9,Loyal
C02302,206,2,14485.01,1,1,2,4,At Risk
C02303,25,5,14202.59,4,4,2,10,Loyal
C02304,80,4,21046.61,2,3,3,8,Regular
C02306,26,3,24237.04,4,2,3,9,Loyal
C02307,8,2,3764.54,4,1,1,6,Regular
C02308,95,5,20076.920000000002,2,4,3,9,Loyal
C02309,284,1,6495.91,1,1,1,3,At Risk
C02310,122,6,21115.620000000003,2,4,3,9,Loyal
C02311,6,4,10757.95,4,3,2,9,Loyal
C02312,84,6,42394.520000000004,2,4,4,10,Loyal
C02313,145,4,12280.3,1,3,2,6,Regular
C02314,181,2,7848.26,1,1,1,3,At Risk
C02315,22,5,17784.6,4,4,3,11,Champions
C02316,121,2,18219.86,2,1,3,6,Regular
C02317,44,10,51308.18,3,4,4,11,Champions
C02318,22,3,19555.68,4,2,3,9,Loyal
C02319,23,6,22596.81,4,4,3,11,Champions
C02320,26,3,18727.760000000002,4,2,3,9,Loyal
C02321,359,1,1036.06,1,1,1,3,At Risk
C02322,76,6,25436.86,2,4,4,10,Loyal
C02323,17,5,17475.28,4,4,3,11,Champions
C02324,81,7,28892.84,2,4,4,10,Loyal
C02325,338,1,8625.05,1,1,1,3,At Risk
C02326,13,3,9266.79,4,2,1,7,Regular
C02327,181,3,14892.43,1,2,2,5,At Risk
C02328,56,3,18837.09,3,2,3,8,Regular
C02329,348,1,5623.98,1,1,1,3,At Risk
C02330,185,4,16943.91,1,3,3,7,Regular
C02331,183,3,8248.029999999999,1,2,1,4,At Risk
C02332,122,2,8506.64,2,1,1,4,At Risk
C02333,70,4,29365.32,2,3,4,9,Loyal
C02334,257,2,8850.6,1,1,1,3,At Risk
C02335,72,6,22703.7,2,4,3,9,Loyal
C02336,34,3,15485.94,3,2,2,7,Regular
C02337,23,4,22186.37,4,3,3,10,Loyal
C02338,205,3,13690.54,1,2,2,5,At Risk
C02339,59,5,26722.829999999998,3,4,4,11,Champions
C02340,147,1,1003.53,1,1,1,3,At Risk
C02341,125,2,17330.190000000002,2,1,3,6,Regular
C02342,8,6,22801.27,4,4,3,11,Champions
C02343,195,4,9761.21,1,3,2,6,Regular
C02344,365,1,1880.49,1,1,1,3,At Risk
C02345,30,5,41214.020000000004,3,4,4,11,Champions
C02346,34,2,11637.68,3,1,2,6,Regular
C02347,180,4,19808.89,1,3,3,7,Regular
C02348,262,1,2631.2,1,1,1,3,At Risk
C02349,78,6,35836.93,2,4,4,10,Loyal
C02350,86,2,4977.73,2,1,1,4,At Risk
C02351,25,2,6704.15,4,1,1,6,Regular
C02352,53,4,17874.42,3,3,3,9,Loyal
C02353,73,4,15985.640000000001,2,3,2,7,Regular
C02354,12,2,8211.56,4,1,1,6,Regular
C02355,15,3,17158.52,4,2,3,9,Loyal
C02356,149,2,1301.8899999999999,1,1,1,3,At Risk
C02357,128,3,19014.309999999998,2,2,3,7,Regular
C02358,30,5,23746.22,3,4,3,10,Loyal
C02359,54,2,10045.609999999999,3,1,2,6,Regular
C02360,26,5,27147.760000000002,4,4,4,12,Champions
C02361,5,6,19184.53,4,4,3,11,Champions
C02362,194,2,7676.66,1,1,1,3,At Risk
C02363,56,6,42011.31,3,4,4,11,Champions
C02364,3,4,22205.3,4,3,3,10,Loyal
C02365,8,1,478.36,4,1,1,6,Regular
C02366,291,1,2428.03,1,1,1,3,At Risk
C02367,123,4,23348.98,2,3,3,8,Regular
C02368,28,4,32517.73,3,3,4,10,Loyal
C02369,210,2,12837.570000000002,1,1,2,4,At Risk
C02370,243,1,11892.92,1,1,2,4,At Risk
C02371,10,3,8041.32,4,2,1,7,Regular
C02372,105,3,13215.73,2,2,2,6,Regular
C02373,6,3,19401.940000000002,4,2,3,9,Loyal
C02374,279,2,6175.99,1,1,1,3,At Risk
C02375,50,3,16793.5,3,2,3,8,Regular
C02376,10,4,24831.32,4,3,4,11,Champions
C02377,304,2,11025.880000000001,1,1,2,4,At Risk
C02378,82,3,10188.55,2,2,2,6,Regular
C02379,24,2,22080.149999999998,4,1,3,8,Regular
C02380,36,3,20795.97,3,2,3,8,Regular
C02381,34,4,17698.440000000002,3,3,3,9,Loyal
C02382,101,5,21246.47,2,4,3,9,Loyal
C02384,103,6,32443.01,2,4,4,10,Loyal
C02385,37,4,16328.32,3,3,3,9,Loyal
C02386,55,5,10638.619999999999,3,4,2,9,Loyal
C02387,75,4,21752.15,2,3,3,8,Regular
C02388,60,8,48386.009999999995,3,4,4,11,Champions
C02389,4,3,13409.92,4,2,2,8,Regular
C02390,57,4,13153.37,3,3,2,8,Regular
C02391,301,3,9864.35,1,2,2,5,At Risk
C02392,270,3,8289.84,1,2,1,4,At Risk
C02393,207,2,14715.62,1,1,2,4,At Risk
C02394,75,3,10132.63,2,2,2,6,Regular
C02395,27,4,12075.52,3,3,2,8,Regular
C02396,101,4,17105.75,2,3,3,8,Regular
C02397,230,3,10557.26,1,2,2,5,At Risk
C02398,21,8,43160.72,4,4,4,12,Champions
C02399,12,6,33692.81,4,4,4,12,Champions
C02400,43,3,10016.96,3,2,2,7,Regular
C02401,26,2,16140.419999999998,4,1,2,7,Regular
C02402,92,6,19211.12,2,4,3,9,Loyal
C02403,15,8,52242.04,4,4,4,12,Champions
C02404,56,7,36524.84,3,4,4,11,Champions
C02405,85,6,43310.75,2,4,4,10,Loyal
C02406,232,2,7701.27,1,1,1,3,At Risk
C02407,104,4,11156.65,2,3,2,7,Regular
C02408,33,4,27115.17,3,3,4,10,Loyal
C02409,110,5,15007.45,2,4,2,8,Regular
C02410,24,3,14173.91,4,2,2,8,Regular
C02412,101,2,9565.84,2,1,2,5,At Risk
C02413,103,5,30859.23,2,4,4,10,Loyal
C02414,57,5,7283.389999999999,3,4,1,8,Regular
C02415,4,4,16606.79,4,3,3,10,Loyal
C02416,109,3,9735.97,2,2,2,6,Regular
C02417,144,1,1540.72,1,1,1,3,At Risk
C02418,25,4,29213.47,4,3,4,11,Champions
C02419,85,3,11687.77,2,2,2,6,Regular
C02420,103,2,9980.48,2,1,2,5,At Risk
C02421,92,5,32273.96,2,4,4,10,Loyal
C02422,251,2,27533.579999999998,1,1,4,6,Regular
C02423,71,3,13173.33,2,2,2,6,Regular
C02424,64,6,32119.46,3,4,4,11,Champions
C02425,97,5,28142.25,2,4,4,10,Loyal
C02426,292,2,5441.96,1,1,1,3,At Risk
C02428,67,4,21194.190000000002,3,3,3,9,Loyal
C02429,343,1,3187.57,1,1,1,3,At Risk
C02430,30,7,40037.0,3,4,4,11,Champions
C02431,144,4,19063.25,1,3,3,7,Regular
C02432,146,2,5197.0199999999995,1,1,1,3,At Risk
C02433,258,2,2763.3100000000004,1,1,1,3,At Risk
C02434,2,2,8053.1,4,1,1,6,Regular
C02435,104,1,3688.86,2,1,1,4,At Risk
C02436,56,7,18476.4,3,4,3,10,Loyal
C02437,162,3,13570.58,1,2,2,5,At Risk
C02438,143,3,8035.24,1,2,1,4,At Risk
C02439,18,5,30349.73,4,4,4,12,Champions
C02440,137,4,24156.14,1,3,3,7,Regular
C02441,25,2,3413.9300000000003,4,1,1,6,Regular
C02442,8,2,13049.369999999999,4,1,2,7,Regular
C02443,15,3,11211.91,4,2,2,8,Regular
C02444,156,4,18508.18,1,3,3,7,Regular
C02445,14,4,6738.73,4,3,1,8,Regular
C02446,97,3,10004.34,2,2,2,6,Regular
C02447,110,2,3713.59,2,1,1,4,At Risk
C02448,38,7,31506.73,3,4,4,11,Champions
C02449,243,3,8084.67,1,2,1,4,At Risk
C02450,128,6,21566.04,2,4,3,9,Loyal
C02451,157,4,25055.75,1,3,4,8,Regular
C02452,92,3,10911.779999999999,2,2,2,6,Regular
C02453,308,1,1681.8,1,1,1,3,At Risk
C02454,120,3,9525.36,2,2,1,5,At Risk
C02455,2,6,35278.770000000004,4,4,4,12,Champions
C02456,48,1,4588.52,3,1,1,5,At Risk
C02457,140,3,18266.19,1,2,3,6,Regular
C02458,43,4,18064.88,3,3,3,9,Loyal
C02459,162,4,21224.12,1,3,3,7,Regular
C02460,1,9,35093.71,4,4,4,12,Champions
C02461,313,1,6217.35,1,1,1,3,At Risk
C02462,20,2,3838.52,4,1,1,6,Regular
C02463,249,1,1371.56,1,1,1,3,At Risk
C02464,23,2,13524.58,4,1,2,7,Regular
C02465,61,6,25089.03,3,4,4,11,Champions
C02466,18,8,22524.399999999998,4,4,3,11,Champions
C02467,1,5,37701.3,4,4,4,12,Champions
C02468,278,2,12305.55,1,1,2,4,At Risk
C02469,137,2,8295.45,1,1,1,3,At Risk
C02470,68,6,47113.83,3,4,4,11,Champions
C02472,157,2,17978.07,1,1,3,5,At Risk
C02473,71,4,38522.93,2,3,4,9,Loyal
C02474,4,7,33848.94,4,4,4,12,Champions
C02475,358,1,381.34,1,1,1,3,At Risk
C02476,16,1,1435.67,4,1,1,6,Regular
C02477,49,5,25678.69,3,4,4,11,Champions
C02478,88,2,10516.539999999999,2,1,2,5,At Risk
C02479,57,7,23464.34,3,4,3,10,Loyal
C02480,56,5,28308.29,3,4,4,11,Champions
C02481,166,4,11169.029999999999,1,3,2,6,Regular
C02482,113,5,30764.809999999998,2,4,4,10,Loyal
C02483,94,3,14264.69,2,2,2,6,Regular
C02484,97,3,26088.86,2,2,4,8,Regular
C02485,59,4,14741.93,3,3,2,8,Regular
C02486,294,4,30326.67,1,3,4,8,Regular
C02487,6,3,8399.06,4,2,1,7,Regular
C02488,47,5,19035.59,3,4,3,10,Loyal
C02489,132,2,22908.38,1,1,3,5,At Risk
C02490,146,3,14434.8,1,2,2,5,At Risk
C02491,86,4,9127.16,2,3,1,6,Regular
C02492,11,5,16187.02,4,4,2,10,Loyal
C02493,140,2,13424.58,1,1,2,4,At Risk
C02494,188,1,3320.77,1,1,1,3,At Risk
C02495,219,2,7340.14,1,1,1,3,At Risk
C02497,63,7,44667.75,3,4,4,11,Champions
C02498,17,6,18515.98,4,4,3,11,Champions
C02499,104,3,8732.18,2,2,1,5,At Risk
C02500,227,2,10059.54,1,1,2,4,At Risk
C02501,10,4,18645.62,4,3,3,10,Loyal
C02502,58,3,21208.1,3,2,3,8,Regular
C02503,55,3,3731.96,3,2,1,6,Regular
C02504,124,1,1979.51,2,1,1,4,At Risk
C02505,53,4,20579.46,3,3,3,9,Loyal
C02506,16,3,7787.68,4,2,1,7,Regular
C02507,19,5,12066.38,4,4,2,10,Loyal
C02508,42,5,15305.7,3,4,2,9,Loyal
C02509,94,6,31782.71,2,4,4,10,Loyal
C02510,87,5,24654.37,2,4,3,9,Loyal
C02511,289,1,1579.88,1,1,1,3,At Risk
C02512,72,4,33258.19,2,3,4,9,Loyal
C02513,68,5,18659.86,3,4,3,10,Loyal
C02514,31,4,15004.1,3,3,2,8,Regular
C02515,1,5,18842.28,4,4,3,11,Champions
C02516,243,2,18510.47,1,1,3,5,At Risk
C02518,2,5,20182.19,4,4,3,11,Champions
C02519,23,2,10184.54,4,1,2,7,Regular
C02520,24,5,24450.44,4,4,3,11,Champions
C02521,186,5,27494.82,1,4,4,9,Loyal
C02522,54,2,14271.24,3,1,2,6,Regular
C02523,5,6,40861.85,4,4,4,12,Champions
C02524,46,5,23098.34,3,4,3,10,Loyal
C02525,347,1,1506.58,1,1,1,3,At Risk
C02526,74,4,7904.69,2,3,1,6,Regular
C02527,13,4,37314.43,4,3,4,11,Champions
C02528,11,5,21066.78,4,4,3,11,Champions
C02529,14,10,53892.13,4,4,4,12,Champions
C02530,184,2,11022.35,1,1,2,4,At Risk
C02531,317,2,14925.53,1,1,2,4,At Risk
C02532,295,1,1831.77,1,1,1,3,At Risk
C02533,109,4,25869.550000000003,2,3,4,9,Loyal
C02534,101,3,26050.85,2,2,4,8,Regular
C02536,18,4,21267.589999999997,4,3,3,10,Loyal
C02537,71,3,20787.3,2,2,3,7,Regular
C02538,77,3,9549.84,2,2,1,5,At Risk
C02539,91,4,12815.630000000001,2,3,2,7,Regular
C02540,130,4,23595.85,2,3,3,8,Regular
C02541,82,6,26606.25,2,4,4,10,Loyal
C02542,274,1,2769.0,1,1,1,3,At Risk
C02543,74,3,16483.06,2,2,3,7,Regular
C02544,20,4,24203.95,4,3,3,10,Loyal
C02545,82,3,17424.03,2,2,3,7,Regular
C02546,84,1,1693.06,2,1,1,4,At Risk
C02547,21,6,25172.09,4,4,4,12,Champions
C02548,226,2,7280.4400000000005,1,1,1,3,At Risk
C02549,9,6,20119.47,4,4,3,11,Champions
C02550,180,4,18894.9,1,3,3,7,Regular
C02551,9,7,24733.11,4,4,4,12,Champions
C02552,190,5,25730.18,1,4,4,9,Loyal
C02553,123,5,19917.05,2,4,3,9,Loyal
C02554,185,4,10373.03,1,3,2,6,Regular
C02555,40,6,19123.79,3,4,3,10,Loyal
C02556,27,7,42744.17,3,4,4,11,Champions
C02557,207,3,5753.14,1,2,1,4,At Risk
C02558,75,5,28820.97,2,4,4,10,Loyal
C02560,120,1,3129.77,2,1,1,4,At Risk
C02561,10,6,18667.82,4,4,3,11,Champions
C02562,75,2,5927.08,2,1,1,4,At Risk
C02563,66,6,32860.49,3,4,4,11,Champions
C02564,32,6,36581.73,3,4,4,11,Champions
C02565,104,2,21058.02,2,1,3,6,Regular
C02566,111,2,4517.35,2,1,1,4,At Risk
C02567,36,5,20012.239999999998,3,4,3,10,Loyal
C02568,43,3,9471.85,3,2,1,6,Regular
C02569,124,2,2736.9900000000002,2,1,1,4,At Risk
C02570,12,9,42811.71,4,4,4,12,Champions
C02571,10,3,24210.64,4,2,3,9,Loyal
C02572,229,3,17241.829999999998,1,2,3,6,Regular
C02573,102,3,14932.97,2,2,2,6,Regular
C02574,217,1,4082.37,1,1,1,3,At Risk
C02575,133,2,6038.48,1,1,1,3,At Risk
C02576,125,2,8105.58,2,1,1,4,At Risk
C02577,20,5,15004.66,4,4,2,10,Loyal
C02578,198,2,18112.22,1,1,3,5,At Risk
C02579,211,3,28622.75,1,2,4,7,Regular
C02580,64,4,20116.489999999998,3,3,3,9,Loyal
C02581,32,3,39705.88,3,2,4,9,Loyal
C02582,28,7,26182.14,3,4,4,11,Champions
C02583,53,7,27331.67,3,4,4,11,Champions
C02584,6,4,23856.03,4,3,3,10,Loyal
C02585,291,1,2847.3,1,1,1,3,At Risk
C02586,96,7,31684.570000000003,2,4,4,10,Loyal
C02587,69,1,1914.33,3,1,1,5,At Risk
C02588,13,6,40802.05,4,4,4,12,Champions
C02589,36,2,2077.3999999999996,3,1,1,5,At Risk
C02590,133,6,19822.440000000002,1,4,3,8,Regular
C02591,176,3,14849.43,1,2,2,5,At Risk
C02592,12,4,3528.12,4,3,1,8,Regular
C02593,73,5,37328.15,2,4,4,10,Loyal
C02594,64,2,10390.279999999999,3,1,2,6,Regular
C02595,10,7,30038.260000000002,4,4,4,12,Champions
C02596,167,3,27996.9,1,2,4,7,Regular
C02597,41,3,17538.35,3,2,3,8,Regular
C02598,82,1,10936.96,2,1,2,5,At Risk
C02599,110,4,17395.19,2,3,3,8,Regular
C02600,65,2,11640.83,3,1,2,6,Regular
C02601,49,3,22811.9,3,2,3,8,Regular
C02602,54,4,16782.6,3,3,3,9,Loyal
C02603,69,5,52434.1,2,4,4,10,Loyal
C02604,129,3,14185.91,2,2,2,6,Regular
C02605,48,5,18949.28,3,4,3,10,Loyal
C02606,17,2,9705.88,4,1,2,7,Regular
C02607,133,4,26643.41,1,3,4,8,Regular
C02608,53,3,18645.19,3,2,3,8,Regular
C02609,92,4,12730.02,2,3,2,7,Regular
C02610,100,2,10267.35,2,1,2,5,At Risk
C02611,108,1,5644.28,2,1,1,4,At Risk
C02612,58,1,2939.3,3,1,1,5,At Risk
C02613,324,1,4269.38,1,1,1,3,At Risk
C02614,145,4,35782.62,1,3,4,8,Regular
C02615,16,4,20197.15,4,3,3,10,Loyal
C02616,29,3,8795.68,3,2,1,6,Regular
C02617,81,3,13694.25,2,2,2,6,Regular
C02618,50,5,23459.97,3,4,3,10,Loyal
C02619,29,6,38488.240000000005,3,4,4,11,Champions
C02620,3,2,5915.77,4,1,1,6,Regular
C02621,265,1,2568.29,1,1,1,3,At Risk
C02622,61,3,10582.18,3,2,2,7,Regular
C02623,40,2,9110.4,3,1,1,5,At Risk
C02624,80,4,14845.87,2,3,2,7,Regular
C02625,42,5,20186.3,3,4,3,10,Loyal
C02626,92,8,41686.74,2,4,4,10,Loyal
C02627,145,4,15018.29,1,3,2,6,Regular
C02628,135,4,10139.779999999999,1,3,2,6,Regular
C02629,104,3,15975.69,2,2,2,6,Regular
C02630,39,2,4188.82,3,1,1,5,At Risk
C02631,33,2,7551.35,3,2,1,6,Regular
C02632,39,3,6663.02,3,2,1,6,Regular
C02633,24,4,13021.380000000001,4,3,2,9,Loyal
C02634,4,5,36407.2,4,4,4,12,Champions
C02635,220,3,14417.44,1,2,2,5,At Risk
C02636,91,6,25965.35,2,4,4,10,Loyal
C02637,55,6,37971.9,3,4,4,11,Champions
C02638,13,9,25979.04,4,4,4,12,Champions
C02639,26,4,16265.93,4,3,3,10,Loyal
C02640,75,2,4985.69,2,2,1,5,At Risk
C02642,17,5,14134.34,4,4,2,10,Loyal
C02643,69,3,8600.25,2,2,1,5,At Risk
C02644,53,5,33714.7,3,4,4,11,Champions
C02645,6,7,33705.55,4,4,4,12,Champions
C02646,15,5,15675.83,4,4,2,10,Loyal
C02647,18,5,17258.71,4,4,3,11,Champions
C02648,9,2,8276.7,4,2,1,7,Regular
C02649,19,4,24074.559999999998,4,3,3,10,Loyal
C02650,165,2,5361.58,1,2,1,4,At Risk
C02651,62,7,57239.060000000005,3,4,4,11,Champions
C02652,21,2,4021.5200000000004,4,2,1,7,Regular
C02653,210,5,25980.420000000002,1,4,4,9,Loyal
C02654,136,3,5750.83,1,2,1,4,At Risk
C02655,128,2,9176.38,2,2,1,5,At Risk
C02656,109,2,2123.27,2,2,1,5,At Risk
C02657,261,1,5234.61,1,1,1,3,At Risk
C02658,20,4,24251.81,4,3,3,10,Loyal
C02659,87,2,9076.5,2,2,1,5,At Risk
C02660,43,7,24967.24,3,4,4,11,Champions
C02661,39,1,927.03,3,1,1,5,At Risk
C02662,173,2,5731.79,1,2,1,4,At Risk
C02663,7,5,33359.15,4,4,4,12,Champions
C02664,13,4,10873.97,4,3,2,9,Loyal
C02665,36,5,16905.74,3,4,3,10,Loyal
C02666,78,3,16777.74,2,2,3,7,Regular
C02667,6,6,19762.23,4,4,3,11,Champions
C02668,89,6,31055.89,2,4,4,10,Loyal
C02669,36,2,10202.64,3,2,2,7,Regular
C02670,271,2,11213.43,1,2,2,5,At Risk
C02671,186,5,35023.64,1,4,4,9,Loyal
C02672,115,3,15961.15,2,2,2,6,Regular
C02673,68,3,13663.17,3,2,2,7,Regular
C02674,243,1,3704.34,1,1,1,3,At Risk
C02676,41,6,20267.760000000002,3,4,3,10,Loyal
C02677,126,3,14263.37,2,2,2,6,Regular
C02678,5,5,14458.380000000001,4,4,2,10,Loyal
C02679,41,2,7551.219999999999,3,2,1,6,Regular
C02680,45,5,12746.93,3,4,2,9,Loyal
C02681,173,2,11212.6,1,2,2,5,At Risk
C02682,114,1,12937.2,2,1,2,5,At Risk
C02683,70,2,15961.23,2,2,2,6,Regular
C02684,17,4,13065.830000000002,4,3,2,9,Loyal
C02685,104,6,17739.47,2,4,3,9,Loyal
C02686,199,1,875.89,1,1,1,3,At Risk
C02687,4,3,22659.44,4,2,3,9,Loyal
C02688,176,3,19372.449999999997,1,2,3,6,Regular
C02689,102,3,8251.91,2,2,1,5,At Risk
C02690,293,1,2408.53,1,1,1,3,At Risk
C02691,206,5,15472.06,1,4,2,7,Regular
C02692,20,3,5253.93,4,2,1,7,Regular
C02693,80,2,7837.0,2,2,1,5,At Risk
C02694,34,5,11877.869999999999,3,4,2,9,Loyal
C02695,100,3,4139.49,2,2,1,5,At Risk
C02696,109,1,7128.92,2,1,1,4,At Risk
C02697,124,4,17562.69,2,3,3,8,Regular
C02699,154,4,12773.84,1,3,2,6,Regular
C02701,254,2,27178.559999999998,1,2,4,7,Regular
C02702,203,2,13278.52,1,2,2,5,At Risk
C02703,111,3,23836.16,2,2,3,7,Regular
C02704,98,2,12330.07,2,2,2,6,Regular
C02705,88,2,11663.869999999999,2,2,2,6,Regular
C02706,65,3,19585.73,3,2,3,8,Regular
C02707,100,3,10963.330000000002,2,2,2,6,Regular
C02708,2,8,38397.15,4,4,4,12,Champions
C02709,89,4,14045.47,2,3,2,7,Regular
C02710,108,2,6534.67,2,2,1,5,At Risk
C02711,27,2,4984.81,3,2,1,6,Regular
C02712,158,7,44029.64,1,4,4,9,Loyal
C02713,244,1,6076.58,1,1,1,3,At Risk
C02714,112,3,13418.84,2,2,2,6,Regular
C02716,281,2,20750.37,1,2,3,6,Regular
C02717,160,3,12218.78,1,2,2,5,At Risk
C02718,59,2,11406.85,3,2,2,7,Regular
C02719,86,5,15981.829999999998,2,4,2,8,Regular
C02720,121,2,4373.51,2,2,1,5,At Risk
C02721,228,3,23396.52,1,2,3,6,Regular
C02722,196,4,14992.94,1,3,2,6,Regular
C02723,128,2,5744.0599999999995,2,2,1,5,At Risk
C02724,92,3,10913.67,2,2,2,6,Regular
C02726,88,7,19665.9,2,4,3,9,Loyal
C02727,43,2,6591.86,3,2,1,6,Regular
C02728,90,4,15558.12,2,3,2,7,Regular
C02729,155,3,31095.14,1,2,4,7,Regular
C02730,18,4,39141.05,4,3,4,11,Champions
C02731,53,3,16798.57,3,2,3,8,Regular
C02732,3,4,14819.33,4,3,2,9,Loyal
C02733,193,3,8961.83,1,2,1,4,At Risk
C02734,256,1,5917.14,1,1,1,3,At Risk
C02735,245,3,14323.18,1,2,2,5,At Risk
C02736,91,4,38626.17,2,3,4,9,Loyal
C02737,316,1,1364.83,1,1,1,3,At Risk
C02738,23,5,42024.53,4,4,4,12,Champions
C02739,11,3,12094.29,4,2,2,8,Regular
C02740,1,6,32848.58,4,4,4,12,Champions
C02741,61,2,3522.9300000000003,3,2,1,6,Regular
C02742,47,4,8584.49,3,3,1,7,Regular
C02743,118,7,26290.719999999998,2,4,4,10,Loyal
C02744,250,3,13434.25,1,2,2,5,At Risk
C02745,1,2,9319.58,4,2,1,7,Regular
C02746,51,7,44643.96,3,4,4,11,Champions
C02747,3,5,52127.4,4,4,4,12,Champions
C02748,246,5,21715.15,1,4,3,8,Regular
C02749,160,5,26448.0,1,4,4,9,Loyal
C02750,64,4,20147.03,3,3,3,9,Loyal
C02751,18,6,47469.38,4,4,4,12,Champions
C02752,80,1,11859.69,2,1,2,5,At Risk
C02753,108,3,24835.48,2,2,4,8,Regular
C02754,272,3,16393.16,1,2,3,6,Regular
C02755,83,2,12520.47,2,2,2,6,Regular
C02756,3,7,38436.48,4,4,4,12,Champions
C02757,57,6,44837.520000000004,3,4,4,11,Champions
C02758,80,6,27721.15,2,4,4,10,Loyal
C02759,208,2,6944.02,1,2,1,4,At Risk
C02760,155,1,5271.01,1,1,1,3,At Risk
C02761,350,1,2178.04,1,1,1,3,At Risk
C02762,41,5,35484.18,3,4,4,11,Champions
C02763,54,5,40010.59,3,4,4,11,Champions
C02764,89,5,32004.739999999998,2,4,4,10,Loyal
C02765,137,3,19983.65,1,2,3,6,Regular
C02766,53,7,32044.4,3,4,4,11,Champions
C02767,166,2,14100.7,1,2,2,5,At Risk
C02768,71,6,19264.41,2,4,3,9,Loyal
C02769,14,4,33603.01,4,3,4,11,Champions
C02770,38,7,44995.03,3,4,4,11,Champions
C02771,19,3,10397.71,4,2,2,8,Regular
C02772,75,4,29699.690000000002,2,3,4,9,Loyal
C02773,40,5,31736.260000000002,3,4,4,11,Champions
C02774,167,3,36920.6,1,2,4,7,Regular
C02775,12,6,20694.72,4,4,3,11,Champions
C02776,131,2,3933.08,2,2,1,5,At Risk
C02777,85,1,12905.24,2,1,2,5,At Risk
C02778,132,4,16362.93,1,3,3,7,Regular
C02779,308,1,3519.51,1,1,1,3,At Risk
C02780,184,5,26649.67,1,4,4,9,Loyal
C02781,25,4,13872.4,4,3,2,9,Loyal
C02782,7,4,28710.96,4,3,4,11,Champions
C02783,176,3,10907.029999999999,1,2,2,5,At Risk
C02784,23,6,26610.88,4,4,4,12,Champions
C02785,32,4,24134.22,3,3,3,9,Loyal
C02786,65,1,9043.31,3,1,1,5,At Risk
C02787,60,4,14894.210000000001,3,3,2,8,Regular
C02788,152,4,17588.42,1,3,3,7,Regular
C02789,56,6,30706.71,3,4,4,11,Champions
C02790,130,6,34483.03,2,4,4,10,Loyal
C02791,222,5,19150.41,1,4,3,8,Regular
C02792,42,2,9194.82,3,2,1,6,Regular
C02793,54,5,22815.5,3,4,3,10,Loyal
C02794,12,4,31861.4,4,3,4,11,Champions
C02795,13,6,16399.22,4,4,3,11,Champions
C02796,38,6,19068.260000000002,3,4,3,10,Loyal
C02797,37,3,25893.15,3,2,4,9,Loyal
C02798,337,2,9916.07,1,2,2,5,At Risk
C02799,98,5,27739.09,2,4,4,10,Loyal
C02800,181,4,11154.19,1,3,2,6,Regular
C02801,26,2,9773.7,4,2,2,8,Regular
C02802,192,4,27215.03,1,3,4,8,Regular
C02804,260,3,18230.97,1,2,3,6,Regular
C02805,57,6,22220.23,3,4,3,10,Loyal
C02807,199,5,34910.65,1,4,4,9,Loyal
C02808,74,7,64161.44,2,4,4,10,Loyal
C02809,23,10,34319.1,4,4,4,12,Champions
C02810,76,1,3628.64,2,1,1,4,At Risk
C02811,16,7,16834.73,4,4,3,11,Champions
C02812,7,4,13226.51,4,3,2,9,Loyal
C02813,49,2,5289.6900000000005,3,2,1,6,Regular
C02814,96,5,17633.47,2,4,3,9,Loyal
C02815,107,5,19254.989999999998,2,4,3,9,Loyal
C02816,44,7,28120.14,3,4,4,11,Champions
C02817,202,4,14226.949999999999,1,3,2,6,Regular
C02818,108,2,1389.48,2,2,1,5,At Risk
C02819,103,5,15330.27,2,4,2,8,Regular
C02820,57,4,14097.93,3,3,2,8,Regular
C02821,104,4,16106.330000000002,2,3,2,7,Regular
C02822,97,3,13239.66,2,2,2,6,Regular
C02823,72,1,12849.44,2,1,2,5,At Risk
C02824,70,4,9454.47,2,3,1,6,Regular
C02825,35,5,32266.58,3,4,4,11,Champions
C02827,214,1,12030.84,1,1,2,4,At Risk
C02828,16,5,29039.02,4,4,4,12,Champions
C02829,41,1,6925.59,3,1,1,5,At Risk
C02831,40,2,4721.23,3,2,1,6,Regular
C02832,90,5,22518.12,2,4,3,9,Loyal
C02833,70,3,14412.49,2,2,2,6,Regular
C02834,67,5,22019.73,3,4,3,10,Loyal
C02835,156,2,15413.880000000001,1,2,2,5,At Risk
C02836,109,3,12982.39,2,2,2,6,Regular
C02837,130,2,6383.3099999999995,2,2,1,5,At Risk
C02838,26,3,15386.06,4,2,2,8,Regular
C02839,17,4,20134.79,4,3,3,10,Loyal
C02840,273,1,1703.12,1,1,1,3,At Risk
C02841,115,4,17430.420000000002,2,3,3,8,Regular
C02842,59,1,1121.44,3,1,1,5,At Risk
C02843,18,3,24229.870000000003,4,2,3,9,Loyal
C02844,155,3,16973.38,1,2,3,6,Regular
C02845,70,3,28524.99,2,2,4,8,Regular
C02846,29,4,20423.89,3,3,3,9,Loyal
C02847,108,3,12575.75,2,2,2,6,Regular
C02848,4,4,13290.01,4,3,2,9,Loyal
C02849,60,3,8167.43,3,2,1,6,Regular
C02850,25,5,24274.34,4,4,3,11,Champions
C02851,23,4,21025.87,4,3,3,10,Loyal
C02852,11,4,18021.9,4,3,3,10,Loyal
C02854,100,3,20915.32,2,2,3,7,Regular
C02855,34,2,9827.31,3,2,2,7,Regular
C02856,28,3,9665.85,3,2,2,7,Regular
C02857,34,4,17706.23,3,3,3,9,Loyal
C02858,49,2,10348.97,3,2,2,7,Regular
C02859,31,9,46663.630000000005,3,4,4,11,Champions
C02860,169,5,21967.0,1,4,3,8,Regular
C02861,33,2,16513.31,3,2,3,8,Regular
C02862,102,2,2888.5600000000004,2,2,1,5,At Risk
C02863,7,3,15957.14,4,2,2,8,Regular
C02864,84,2,9624.470000000001,2,2,2,6,Regular
C02865,248,1,3655.15,1,1,1,3,At Risk
C02866,2,1,3798.72,4,1,1,6,Regular
C02867,12,4,22651.33,4,3,3,10,Loyal
C02868,96,2,15024.49,2,2,2,6,Regular
C02869,120,2,8286.57,2,2,1,5,At Risk
C02870,150,1,5784.24,1,1,1,3,At Risk
C02871,79,3,3175.13,2,2,1,5,At Risk
C02872,138,2,5625.09,1,2,1,4,At Risk
C02873,299,2,5086.45,1,2,1,4,At Risk
C02874,202,2,11795.29,1,2,2,5,At Risk
C02875,96,2,8583.75,2,2,1,5,At Risk
C02876,16,4,8850.2,4,3,1,8,Regular
C02877,25,6,35971.6,4,4,4,12,Champions
C02878,3,7,22276.89,4,4,3,11,Champions
C02879,14,4,45619.4,4,3,4,11,Champions
C02880,2,7,32707.9,4,4,4,12,Champions
C02881,127,3,9626.54,2,2,2,6,Regular
C02882,21,7,34340.32,4,4,4,12,Champions
C02883,114,3,12875.48,2,2,2,6,Regular
C02884,39,6,40803.8,3,4,4,11,Champions
C02885,17,3,8197.24,4,2,1,7,Regular
C02886,58,6,42006.6,3,4,4,11,Champions
C02887,85,5,21709.09,2,4,3,9,Loyal
C02888,80,3,10283.69,2,2,2,6,Regular
C02889,251,3,14690.17,1,2,2,5,At Risk
C02890,12,6,23696.02,4,4,3,11,Champions
C02891,35,7,32025.920000000002,3,4,4,11,Champions
C02893,101,3,6929.68,2,2,1,5,At Risk
C02894,15,3,15781.529999999999,4,2,2,8,Regular
C02896,12,2,8746.12,4,2,1,7,Regular
C02897,49,4,13314.8,3,3,2,8,Regular
C02899,114,2,35796.22,2,2,4,8,Regular
C02900,41,3,13055.34,3,2,2,7,Regular
C02901,37,6,26660.08,3,4,4,11,Champions
C02902,123,1,966.53,2,1,1,4,At Risk
C02903,77,8,35968.66,2,4,4,10,Loyal
C02904,217,1,5865.0,1,1,1,3,At Risk
C02905,27,3,27946.72,3,2,4,9,Loyal
C02906,26,3,18766.370000000003,4,2,3,9,Loyal
C02907,248,2,5959.63,1,2,1,4,At Risk
C02908,28,4,17259.940000000002,3,3,3,9,Loyal
C02909,102,7,35710.23,2,4,4,10,Loyal
C02910,93,7,28732.58,2,4,4,10,Loyal
C02911,38,3,25087.05,3,2,4,9,Loyal
C02912,42,4,19201.45,3,3,3,9,Loyal
C02913,48,4,24532.43,3,3,3,9,Loyal
C02914,122,4,14831.759999999998,2,3,2,7,Regular
C02915,57,5,15388.52,3,4,2,9,Loyal
C02916,103,2,4722.43,2,2,1,5,At Risk
C02917,94,2,9550.619999999999,2,2,1,5,At Risk
C02918,355,1,13117.48,1,1,2,4,At Risk
C02919,19,3,9170.14,4,2,1,7,Regular
C02920,85,4,29395.84,2,3,4,9,Loyal
C02921,39,3,10392.7,3,2,2,7,Regular
C02922,252,1,3513.15,1,1,1,3,At Risk
C02923,30,3,8848.43,3,2,1,6,Regular
C02924,165,6,32506.79,1,4,4,9,Loyal
C02925,38,3,19779.75,3,2,3,8,Regular
C02926,29,3,25499.85,3,2,4,9,Loyal
C02927,50,4,10860.39,3,3,2,8,Regular
C02928,96,3,23039.97,2,2,3,7,Regular
C02929,34,4,19360.68,3,3,3,9,Loyal
C02930,77,3,11399.34,2,2,2,6,Regular
C02931,27,2,17271.74,3,2,3,8,Regular
C02932,31,3,14642.68,3,2,2,7,Regular
C02933,87,1,1639.85,2,1,1,4,At Risk
C02934,361,1,744.06,1,1,1,3,At Risk
C02935,135,3,14749.240000000002,1,2,2,5,At Risk
C02936,98,3,21187.9,2,2,3,7,Regular
C02937,89,5,11220.96,2,4,2,8,Regular
C02938,10,3,17950.75,4,2,3,9,Loyal
C02939,36,3,17216.339999999997,3,2,3,8,Regular
C02940,22,4,27811.38,4,3,4,11,Champions
C02941,23,9,43389.01,4,4,4,12,Champions
C02942,89,2,4059.57,2,2,1,5,At Risk
C02943,71,2,1876.0,2,2,1,5,At Risk
C02944,26,5,13736.859999999999,4,4,2,10,Loyal
C02945,45,3,12860.29,3,2,2,7,Regular
C02946,234,3,31917.58,1,2,4,7,Regular
C02947,240,5,12323.01,1,4,2,7,Regular
C02948,59,2,9017.08,3,2,1,6,Regular
C02949,5,5,35887.509999999995,4,4,4,12,Champions
C02950,211,1,6183.94,1,1,1,3,At Risk
C02951,133,4,26633.36,1,3,4,8,Regular
C02952,100,1,4852.14,2,1,1,4,At Risk
C02953,16,2,2486.57,4,2,1,7,Regular
C02954,95,5,22150.75,2,4,3,9,Loyal
C02955,37,5,24504.27,3,4,3,10,Loyal
C02956,335,1,13168.73,1,1,2,4,At Risk
C02957,193,5,33436.89,1,4,4,9,Loyal
C02958,62,3,11435.099999999999,3,2,2,7,Regular
C02959,80,2,6074.9400000000005,2,2,1,5,At Risk
C02960,46,4,22057.59,3,3,3,9,Loyal
C02961,7,7,43792.55,4,4,4,12,Champions
C02962,10,3,10902.66,4,2,2,8,Regular
C02963,222,2,10402.66,1,2,2,5,At Risk
C02964,160,2,3857.08,1,2,1,4,At Risk
C02965,3,3,7555.549999999999,4,2,1,7,Regular
C02966,94,2,12857.6,2,2,2,6,Regular
C02968,39,4,13789.57,3,3,2,8,Regular
C02969,188,2,6310.64,1,2,1,4,At Risk
C02970,100,4,24925.55,2,3,4,9,Loyal
C02971,36,8,29270.18,3,4,4,11,Champions
C02972,24,4,14224.64,4,3,2,9,Loyal
C02973,15,5,22600.5,4,4,3,11,Champions
C02974,168,4,23605.95,1,3,3,7,Regular
C02975,26,6,28979.72,4,4,4,12,Champions
C02976,78,5,36125.42,2,4,4,10,Loyal
C02977,52,4,11842.49,3,3,2,8,Regular
C02978,45,7,24463.48,3,4,3,10,Loyal
C02979,42,4,13205.49,3,3,2,8,Regular
C02980,242,2,3856.0499999999997,1,2,1,4,At Risk
C02981,50,5,11114.640000000001,3,4,2,9,Loyal
C02982,113,1,2059.29,2,1,1,4,At Risk
C02983,100,3,21297.66,2,2,3,7,Regular
C02984,140,5,20608.56,1,4,3,8,Regular
C02985,265,5,25117.28,1,4,4,9,Loyal
C02986,39,2,7217.93,3,2,1,6,Regular
C02987,76,6,28887.120000000003,2,4,4,10,Loyal
C02988,42,1,5562.3,3,1,1,5,At Risk
C02989,1,5,22059.72,4,4,3,11,Champions
C02990,45,3,8250.29,3,2,1,6,Regular
C02991,103,5,20163.35,2,4,3,9,Loyal
C02992,83,6,14417.77,2,4,2,8,Regular
C02993,20,9,50629.18,4,4,4,12,Champions
C02994,9,3,6496.78,4,2,1,7,Regular
C02995,111,4,17319.379999999997,2,3,3,8,Regular
C02996,242,1,3923.62,1,1,1,3,At Risk
C02997,32,9,42374.56,3,4,4,11,Champions
C02998,213,4,20545.73,1,3,3,7,Regular
C02999,26,4,11503.29,4,3,2,9,Loyal
C03000,209,4,22282.03,1,3,3,7,Regular
